河床,河槽
桃汛,春汛
洪量,洪水总量
圩,圩堤
马道,戗台
蛰陷,塌陷
牛皮胀,鼓泡
窨潮,散浸
旱情监测,干旱监测
蒸发蒸腾量,作物需水量
需水强度,蒸发蒸腾率
水库,人工湖
斜流泵,混流泵
重力分析法,材料力学法
碾压混凝土,干贫混凝土
水闸,活动坝
导流建筑物,导流屏
河槽,河床
春汛,桃汛
洪水总量,洪量
圩堤,圩
戗台,马道
塌陷,蛰陷
鼓泡,牛皮胀
散浸,窨潮
干旱监测,旱情监测
作物需水量,蒸发蒸腾量
蒸发蒸腾率,需水强度
水库,人工湖
混流泵,斜流泵
材料力学法,重力分析法
碾压混凝土,干贫混凝土
水闸,活动坝
导流屏,导流建筑物
水利,水利科学
水利,水利资源
水能,水能资源
水利,水利普查
水利,水利系统
水利,城市水利
水利,牧区水利
水利,水利渔业
流域,流域规划
流域,长江流域综合规划
河流,河流综合利用
流域,跨流域开发
流域,跨流域调水
水利,水利工程
水利,水利枢纽
水库,串联水库
水库,调蓄水库
水库,注入式水库
水库,平原水库
水库,地下水库
水库,水库库区综合利用开发
水库,水库特征水位
水位,水库特征水位
水库,水库正常蓄水位
水位,水库正常蓄水位
水库,水库死水位
水位,水库死水位
水库,水库设计洪水位
水位,水库设计洪水位
设计洪水,水库设计洪水位
洪水,水库设计洪水位
水库,水库防洪限制水位
水位,水库防洪限制水位
防洪,水库防洪限制水位
水库防洪,水库防洪限制水位
水库,水库校核洪水位
水位,水库校核洪水位
洪水,水库校核洪水位
水库,水库防洪高水位
水位,水库防洪高水位
防洪,水库防洪高水位
水库防洪,水库防洪高水位
水库,水库消落深度
库容,兴利库容
库容,死库容
库容,有效库容
库容,防洪库容
防洪,防洪库容
库容,拦洪库容
库容,调洪库容
库容,共用库容
径流,径流调节
水库,水库调节周期
年调节,多年调节
流量,调节流量
水库,水库调度
水库,水库调度图
水库调度,水库调度图
沟洫,汉书·沟洫志
元史·河渠志,新元史·河渠志
水经,水经注
水利,吴中水利书
水利,浙西水利书
水利,三吴水利录
水经,今水经
水经,水经注释
水经注,水经注释
河源,钦定河源纪略
行水金鉴,续行水金鉴
圩,筑圩图说
海塘,两浙海塘通志
水利,江南水利全书
水利,畿辅河道水利丛书
水利,畿辅水利议
堤,荆州万城堤志
堤,金堤
堤,洪泽湖大堤
堤,范公堤
圩,万春圩
圩,永丰圩
堤,荆江大堤
水文学,工程水文学
水文学,城市水文学
水文学,农业水文学
水文学,森林水文学
水文学,地下水水文学
水文学,随机水文学
水文学,系统水文学
水文学,同位素水文学
流域,流域面积
流域,数字流域
河网,河网密度
淡水,淡水湖
咸水,咸水湖
冰川,冰川湖
沼泽,草甸沼泽
沼泽,森林沼泽
沼泽,泥炭沼泽
冰川,大陆冰川
冰川,高山冰川
降水,降水量
降水,人工降水
枯水,枯水年
河流,河流冰情
雪,雪线
雪,雪崩
遥感,水文遥感
雨量,雨量器
雨量,自记雨量计
水位,自记水位计
水位,平均水位
流速,流速仪
水位,水位流量关系
流量,水位流量关系
蒸发,水面蒸发器
水面蒸发,水面蒸发器
蒸发,土壤蒸发器
土壤蒸发,土壤蒸发器
降水,降水强度
降水,降水历时
雨量,等雨量线
蒸发,水面蒸发
蒸发,土壤蒸发
蒸发,潜水蒸发
流域,流域总蒸发
蒸发,流域总蒸发
径流,地面径流
径流,壤中径流
径流,地下径流
暴雨,暴雨径流
径流,暴雨径流
径流,枯水径流
枯水,枯水径流
雪,融雪径流
径流,融雪径流
流域,流域产沙
河流,河流泥沙
径流,径流预报
洪水,洪水预报
洪水预报,实时洪水预报
洪水,实时洪水预报
水文预报,概率水文预报
枯水,枯水预报
水文预报,施工水文预报
水文预报,中长期水文预报
流域,流域产流
径流,降雨径流关系
径流,径流系数
流域,流域汇流
流域,流域汇流时间
流域汇流,流域汇流时间
洪水,洪水波
洪水,洪水演算
降水,正常降水量
降水量,正常降水量
流量,径流量
径流,径流量
流量,正常径流量
径流,正常径流量
径流量,正常径流量
径流,设计年径流
径流,径流模数
暴雨,暴雨频率
暴雨,设计暴雨
暴雨,暴雨移置
降水,可能最大降水
洪水,洪水总量
洪水,洪水频率
洪水,设计洪水
洪水,历史洪水
洪水,古洪水
洪水,可能最大洪水
洪水,洪水风险
水利,水利计算
水资源,世界水资源
水资源,中国水资源
水资源,水资源总量
水资源,水资源开发
水资源,水资源利用
水资源,水资源可持续利用
水资源,水资源供需平衡分析
水资源,水资源评价
水资源,水资源系统
水资源,水资源规划
水资源,水资源配置
水资源,水资源调度
水资源,水资源保护
水资源,水资源管理
水资源,非常规水资源
水资源,洪水资源化
洪水,洪水资源化
水利,雨水利用
水资源,污水资源化
水资源,水资源承载能力
防洪,防洪工程
防洪,防洪工程措施
防洪工程,防洪工程措施
防洪,防洪非工程措施
防洪,防洪应急预案
水库,水库防洪
防洪,水库防洪
水库,水库调洪方式
补偿调节,防洪补偿调节
防洪,防洪补偿调节
防洪,防洪错峰调节
防洪,防洪规划
防洪,防洪标准
涝,涝灾
洪水,洪水期
汛期,前汛期
汛期,主汛期
汛期,后汛期
枯水,枯水期
水位,枯水位
枯水,枯水位
洪水,超标准洪水
洪水,典型年洪水
洪水,1954年洪水
洪水,1998年洪水
洪水,“75·8”洪水
洪水风险,洪水风险图
洪水,洪水风险图
防洪,防洪风险率
防洪,防洪调度
洪水,洪水管理
洪水预报,洪水预报系统
洪水,洪水预报系统
防洪,防洪决策支持系统
决策支持系统,防洪决策支持系统
防汛,防汛物资调配
水位,防汛特征水位
防汛,防汛特征水位
水位,警戒水位
水位,设防水位
水位,保证水位
水位,分洪水位
洪水,分洪水位
分洪,分洪水位
泄洪,泄洪能力
滞洪,蓄滞洪区
行洪,行洪区
分洪,分洪区
分洪,分洪工程
分洪,分洪道
圩,保庄圩
堤,戗堤
堤,导堤
堤,圩堤
堤,翼堤
堤,子堤
堤,干堤
堤,支堤
堤,过水堤
堤,自溃堤
堤,巡堤查险
堤,堤防岁修
堤,堤坝隐患
堤,堤坝裂缝
反滤,反滤围井
堤,堤基防渗
堤,堤坡稳定
干旱,干旱指数
干旱,干旱监测
旱情,旱情监测
干旱,干旱等级
干旱,干旱预警信号
干旱,气象干旱
干旱,大气干旱
干旱,土壤干旱
干旱,生理干旱
墒情,墒情监测
墒情,墒情预报
水利,农田水利
水利,农村水利
水利,农田水利基本建设
农田水利,农田水利基本建设
毛管水,毛管水强烈上升高度
土壤水,土壤水分常数
土壤水,土壤水吸力
土壤水,土壤水容量
土壤水,土壤水分运动
下渗,下渗率
土壤水,土壤水分特征曲线
土壤水,土壤水分滞后现象
土壤水,土壤水再分布
电导率,电导率仪
蒸发,潜水蒸发强度
潜水蒸发,潜水蒸发强度
蒸发,蒸发蒸腾量
蒸发,蒸发蒸腾率
蒸腾率,蒸发蒸腾率
蒸发,潜在蒸发蒸腾量
蒸发蒸腾量,潜在蒸发蒸腾量
作物需水量,参考作物需水量
水系,需水系数
模比系数,需水量模比系数
灌溉,灌溉制度
灌溉,灌溉定额
雨量,有效降雨量
渗漏,深层渗漏量
灌水模数,灌水模数图
灌溉,灌溉用水量
灌溉,灌溉用水过程线
灌溉,储水灌溉
灌溉,播前灌溉
灌溉,节水灌溉
灌溉,非充分灌溉
灌溉,调亏灌溉
灌溉,分根交替灌溉
灌溉,控制灌溉
灌溉,精准灌溉
灌溉,智能化灌溉
灌溉,自流灌溉
灌溉,提水灌溉
灌溉,灌溉面积
设计标准,灌溉设计标准
灌溉,灌溉设计标准
灌溉,灌溉临界期
灌溉,灌溉水源
灌溉,浑水灌溉
灌溉,劣质水灌溉
灌溉,污水灌溉
咸水,微咸水灌溉
灌溉,微咸水灌溉
灌溉,肥水灌溉
灌溉,磁化水灌溉
灌溉,灌溉回归水
灌溉,灌溉水质
灌溉,灌溉水温
灌溉,灌溉工程
灌溉,蓄水灌溉
灌溉,引水灌溉
灌溉,灌溉输水
灌溉,灌溉渠道
灌溉,长藤结瓜式灌溉系统
灌溉,管道灌溉系统
灌溉,地面灌溉
畦灌,水平畦灌
灌溉,涌流灌溉
灌溉,湿润灌溉
灌溉,地下灌溉
喷灌,微喷灌
喷灌,喷灌系统
喷灌,脉冲喷灌
喷灌,喷灌强度
水利,喷洒水利用系数
喷灌,喷灌均匀度
喷头,喷头基本参数
喷头,低压喷头
喷头,中压喷头
喷头,高压喷头
喷头,射流式喷头
喷头,摇臂式喷头
喷头,叶轮式喷头
喷头,散水式喷头
喷头,折射式喷头
喷头,缝隙式喷头
喷头,离心式喷头
喷头,地埋式喷头
喷灌,自压喷灌
喷灌,恒压喷灌系统
喷灌系统,恒压喷灌系统
喷灌,喷灌机组
喷灌,固定式喷灌系统
喷灌系统,固定式喷灌系统
喷灌,半固定式喷灌系统
喷灌系统,半固定式喷灌系统
固定式喷灌系统,半固定式喷灌系统
喷灌,移动式喷灌系统
喷灌系统,移动式喷灌系统
喷灌,双臂式喷灌机
喷灌,中心支轴式喷灌机
喷灌,平移自走式喷灌机
喷灌,绞盘式喷灌机
喷头,微喷头
喷灌,喷灌带
滴灌,膜下滴灌
滴灌,滴灌带
滴头,孔口式滴头
滴头,长流道滴头
井灌,井灌井排
管井,筒管井
管井,卧管井
水库,土壤水库
土壤水,土壤水库
水安全,农村饮水安全
灌溉,灌溉管理
灌区,灌区计划用水
灌溉,灌溉预报
水利,田间水利用系数
水利,渠道水利用系数
水利,渠系水利用系数
水利,灌溉水利用系数
灌溉,灌溉水利用系数
涝,除涝
设计标准,除涝设计标准
涝,除涝设计标准
除涝,除涝设计标准
涝,排涝模数
地下排水,地下排水模数
水系,除涝排水系统
涝,除涝排水系统
除涝,除涝排水系统
截流,截流沟
截流,等高截流
沟洫,沟洫畦田
条田,沟洫条田
沟洫,沟洫条田
沟洫,沟洫台田
水系,暗管排水系统
暗管排水,暗管排水系统
跌水,跌水井
圩,圩区
蓄洪,蓄洪垦殖
碱土,盐碱土
渍,盐渍化
渍,次生盐渍化
盐渍化,次生盐渍化
流域,小流域治理
埝,水平埝地
涝,涝池
水车,斗式水车
水车,龙骨水车
水车,管链水车
泵站,泵站效率
泵站,圬工泵站
圬工泵,圬工泵站
泵站,泵站前池
泵站,泵站进水池
泵站,泵站出水池
水泵,水泵进水流道
水泵,水泵出水流道
灌区,大型灌区
灌区,中型灌区
灌区,小型灌区
灌区,特大型灌区
大型灌区,特大型灌区
灌区,自流灌区
水库,水库灌区
灌区,水库灌区
灌区,提水灌区
灌区,都江堰灌区
灌区,泾惠渠灌区
灌区,洛惠渠灌区
灌区,宝鸡峡引渭灌区
灌区,内蒙河套灌区
灌溉,苏北灌溉总渠
灌区,淠史杭灌区
水库,安丰塘水库
灌区,韶山灌区
灌区,尼罗河灌区
灌区,印度河灌区
灌溉,灌溉农业
水域,水域占补平衡
水文模型,城市水文模型
河网,平原河网感潮区
防洪,防洪风险管理
防洪,城市防洪
涝,城市内涝
防洪,城市防洪体系
城市防洪,城市防洪体系
涝,城市治涝体系
防洪,城市防洪标准
防洪标准,城市防洪标准
城市防洪,城市防洪标准
涝,城市治涝大系统
防洪,城市防洪圈
城市防洪,城市防洪圈
防洪,防洪墙
涝,排涝泵站
泵站,排涝泵站
径流,综合径流系数
径流系数,综合径流系数
径流,地表径流系数
径流系数,地表径流系数
下渗,绿地下渗率
下渗率,绿地下渗率
下渗,下渗曲线
下渗,霍顿下渗公式
洪峰,洪峰模数
水利,洪水利用
洪水,洪水利用
暴雨,短历时暴雨
暴雨,城市暴雨公式
暴雨,城市设计暴雨雨型
设计暴雨,城市设计暴雨雨型
水系,分流制排水系统
水系,合流制排水系统
水能,水能利用
水能资源,水能资源理论蕴藏量
水能,水能资源理论蕴藏量
水能资源,水能资源技术可开发量
水能,水能资源技术可开发量
水能资源,水能资源经济可开发量
水能,水能资源经济可开发量
水力发电,水力发电站
河床,河床式水电站
径流,径流式水电站
库容,库容系数
水库,水库淹没损失
多年调节,多年调节水电站
年调节,多年调节水电站
年调节水电站,多年调节水电站
年调节,年调节水电站
日调节,日调节水电站
电力系统,电力系统负荷
电力系统负荷,电力系统负荷图
电力系统,电力系统负荷图
日负荷图,日负荷图峰谷差
基荷,基荷指数
年负荷图,静态年负荷图
年负荷图,动态年负荷图
抽水蓄能电站,抽水蓄能电站综合效率
水能,水能计算
水电站水头,水电站水头损失
流量,水电站流量
水电站出力,水电站出力保证率曲线
备用容量,旋转备用容量
水库,水库备用库容
库容,水库备用库容
调频,调频电站
水库,水电站水库调度
水库调度,水电站水库调度
水库,水库电能
河流,河流梯级开发
水库,梯级水库联合调度
补偿调节,跨流域补偿调节
流域,跨流域补偿调节
河床,河床式厂房
抽水蓄能电站,抽水蓄能电站厂房
潮汐电站,潮汐电站厂房
水轮机,水轮机层
水电站厂房,水电站厂房机组段
母线,母线道
变压器,主变压器场
尾水隧洞,变顶高尾水隧洞
输水建筑物,水电站输水建筑物
引水建筑物,水电站引水建筑物
自动调节渠道,非自动调节渠道
动力渠道,动力渠道水力计算
流量,动力渠道设计流量
动力渠道,动力渠道设计流量
设计流量,动力渠道设计流量
水能,动力渠道极限过水能力
动力渠道,动力渠道极限过水能力
日调节,日调节池
抽水蓄能电站,抽水蓄能电站进出水口
拦污栅,水电站拦污栅
闸门,进水口闸门
闸门,闸门旁通管
流速,隧洞临界流速
水锤,水锤波
水锤,水锤波速
水锤波,水锤波速
水锤,直接水锤
水锤,间接水锤
水锤,第一相水锤
水锤,极限水锤
水锤,水锤计算解析法
水锤,水锤计算特征线法
水锤,水锤计算图解法
水轮机,反击式水轮机
水轮机,冲击式水轮机
水轮机,混流式水轮机
水轮机,轴流式水轮机
水轮机,轴流定桨式水轮机
水轮机,轴流转桨式水轮机
水轮机,斜流式水轮机
水轮机,可逆式水轮机
水轮机,贯流式水轮机
水轮机,灯泡贯流式水轮机
贯流式水轮机,灯泡贯流式水轮机
水轮机,轴伸贯流式水轮机
贯流式水轮机,轴伸贯流式水轮机
水轮机,竖井贯流式水轮机
贯流式水轮机,竖井贯流式水轮机
水轮机,水斗式水轮机
水轮机,双击式水轮机
水轮机,斜击式水轮机
水轮机,水轮机最优工况
水轮机,水轮机空蚀
水轮发电机,水轮发电机组振动
水轮机,水轮机飞逸转速
水轮机,水轮机进水阀
起重机,桥式起重机
桥式起重机,双小车桥式起重机
起重机,双小车桥式起重机
水系,供水系统
水系,水电站排水系统
真空破坏阀,水轮机真空破坏阀
水轮机,水轮机真空破坏阀
水轮机,水轮机补气装置
变压器,三绕组变压器
变压器,自耦变压器
变压器,变压器冷却
配电装置,成套配电装置
离心泵,自吸式离心泵
水泵,潜水泵
水锤,水锤泵
水利,水利枢纽等别
水利枢纽,水利枢纽等别
水工建筑物,水工建筑物级别
水工建筑物,永久性水工建筑物
水工建筑物,临时性水工建筑物
水工建筑物,水工建筑物抗震设计
设计标准,抗震设计标准
重力坝,重力坝基本剖面
重力坝,重力坝实用剖面
稳定温度场,非稳定温度场
土坝,均质土坝
水力冲填,水力冲填坝
土坝,水中倒土坝
水力冲填坝,自流式水力冲填坝
水力冲填,自流式水力冲填坝
土石坝,碾压式土石坝
心墙,斜心墙坝
渗漏,坝基渗漏
防渗墙,混凝土防渗墙
土坝,土坝坝坡
反滤,反滤层
流土,溢流土石坝
土石坝,溢流土石坝
爆破,定向爆破筑坝
定向爆破,定向爆破筑坝
堆石坝,钢筋混凝土面板堆石坝
堆石坝,堆石坝分区
心墙,土工膜防渗心墙坝
斜墙,土工膜防渗斜墙坝
库盘防渗,土工膜库盘防渗
反滤,土工织物反滤
土坝,堆石混凝土坝
重力坝,溢流重力坝
重力坝,非溢流重力坝
溢流重力坝,非溢流重力坝
重力坝,宽缝重力坝
重力坝,空腹重力坝
排水孔,坝基排水孔
坝基排水,坝基排水孔
廊道,廊道集水沟
廊道,排水廊道
廊道,基础灌浆廊道
灌浆,基础灌浆廊道
灌浆,灌浆区
拱坝,等半径拱坝
拱坝,等中心角变半径拱坝
拱坝,变中心角变半径拱坝
拱坝,重力拱坝
重力坝,拱形重力坝
拱坝,薄拱坝
拱坝,单曲拱坝
拱坝,双曲拱坝
拱坝,拱坝体形
拱坝,空腹拱坝
封拱,封拱温度
横缝,圆弧形横缝
土坝,碾压混凝土坝
碾压混凝土,碾压混凝土坝
变态混凝土,变态混凝土防渗
拱坝,连拱坝
平板坝,溢流平板坝
水闸,进水闸
水闸,排水闸
退水,退水闸
水闸,退水闸
分洪,分洪闸
水闸,涵洞式水闸
涵洞,涵洞式水闸
水闸,桩基式水闸
水闸,装配式水闸
水闸,浮运式水闸
边墩,边墩绕流
闸门,检修闸门
闸门,事故闸门
闸门,平面闸门
闸门,双扉平板闸门
闸门,有轨平面弧形双开闸门
闸门,π形闸门
闸门,弧形闸门
闸门,圆筒闸门
闸门,双曲扁壳闸门
闸门,圆柱壳体弧形闸门
弧形闸门,圆柱壳体弧形闸门
闸门,拱形闸门
闸门,升卧式闸门
闸门,屋顶式闸门
闸门,舌瓣闸门
闸门,旋转刚架闸门
闸门,浮箱式闸门
闸门,自动翻倒闸门
止水,闸门止水
闸门,闸门止水
启闭机,活动启闭机
启闭机,固定启闭机
启闭机,螺杆式启闭机
启闭机,油压式启闭机
流量,设计流量
流量,校核流量
洪量,泄洪量
泄洪,泄洪量
下游,下游消能
消能工,辅助消能工
水垫塘,水垫塘消能
消能工,宽尾墩联合消能工
护坦,逆坡式斜护坦
护坦,顺坡式斜护坦
护坦,护坦锚筋
排水孔,护坦排水孔
护坦,护坦排水孔
塔式首部,岸塔式首部
溢洪道,开敞式河岸溢洪道
溢洪道,侧槽式河岸溢洪道
溢洪道,竖井式溢洪道
溢洪道,虹吸式溢洪道
溢洪道,非常溢洪道
雪,滑雪式溢洪道
溢洪道,滑雪式溢洪道
溢洪道,溢洪道控制堰
衬砌,隧洞衬砌
衬砌,预应力衬砌
廊道,钢管廊道
截流,截流环
廊道,冲沙廊道式渠首
冲沙廊道,冲沙廊道式渠首
廊道,冲沙廊道
落差,落差建筑物
涵洞,有压式涵洞
涵洞,无压式涵洞
涵洞,管形涵洞
涵洞,箱形涵洞
涵洞,盖板式涵洞
涵洞,拱形涵洞
水工建筑物,水工建筑物地基处理
渡槽,梁式渡槽
渡槽,拱式渡槽
护坡,抛石护坡
抛石,抛石护坡
护坡,砌石护坡
护坡,柳栅护坡
水工建筑物,水工建筑物除险加固
防渗体,防渗体缺陷处理
水工建筑物,水工建筑物安全监控
水工建筑物,水工建筑物安全监测
大坝安全监控,大坝安全监控模型
流量,渗流量监测
倾斜仪,水管倾斜仪
应力计,无应力计
土坝,奥洛维尔土坝
土坝,阿斯旺土坝
土坝,努列克土坝
重力坝,大狄克桑斯重力坝
重力坝,布拉茨克宽缝重力坝
宽缝重力坝,布拉茨克宽缝重力坝
拱坝,英古里拱坝
拱坝,萨扬舒申斯克拱坝
拱坝,旦尼尔约翰逊连拱坝
连拱坝,旦尼尔约翰逊连拱坝
拱坝,姆拉丁尼拱坝
拱坝,佛子岭连拱坝
连拱坝,佛子岭连拱坝
水库,欧文瀑布水库
瀑布,欧文瀑布水库
水库,官厅水库
水库,三门峡水库
水利,丹江口水利枢纽
水利枢纽,丹江口水利枢纽
水利,葛洲坝水利枢纽
水利枢纽,葛洲坝水利枢纽
水利,三峡水利枢纽
水利枢纽,三峡水利枢纽
拱坝,锦屏拱坝
拱坝,小湾拱坝
水利,小浪底水利枢纽
水利枢纽,小浪底水利枢纽
堆石坝,水布垭混凝土面板堆石坝
水利,向家坝水利枢纽
水利枢纽,向家坝水利枢纽
水利,旁多水利枢纽
水利枢纽,旁多水利枢纽
水利,隔河岩水利枢纽
水利枢纽,隔河岩水利枢纽
堆石坝,糯扎渡心墙堆石坝
心墙,糯扎渡心墙堆石坝
重力坝,龙滩碾压混凝土重力坝
碾压混凝土,龙滩碾压混凝土重力坝
抽水蓄能电站,天荒坪抽水蓄能电站
拱坝,沙牌碾压混凝土拱坝
碾压混凝土,沙牌碾压混凝土拱坝
水库,大伙房水库输水工程
防洪,临淮岗防洪枢纽
起重机,桅杆式起重机
起重机,自行式起重机
起重机,塔式起重机
起重机,门座起重机
起重机,双悬臂起重机
起重机,缆索起重机
起重机,龙门起重机
进占,进占法
挤压式边墙,挤压式边墙施工法
爆破,爆破机理
爆破,爆破作用圈
爆破,爆破漏斗
爆破,爆破作用指数
爆破,松动爆破
爆破,抛掷爆破
炸药,炸药威力
炸药,炸药敏感度
炸药,炸药氧平衡
炸药,炸药殉爆距离
炸药,炸药安定性
导爆管,导爆管起爆
导爆索,导爆索起爆
爆破,浅孔爆破法
爆破,深孔爆破法
爆破,硐室爆破法
爆破,裸露爆破法
爆破,控制爆破
爆破,定向爆破
爆破,光面爆破
爆破,预裂爆破
爆破,缓冲孔爆破
爆破,微差爆破
爆破,岩塞爆破
爆破,水下爆破
爆破,静态爆破
爆破,爆破安全距离
爆破,爆破公害
冲毛,冲毛枪
切缝,混凝土切缝机
爆破,钻孔爆破开挖法
槽孔,掏槽孔
衬砌,喷射混凝土衬砌
挖槽机,冲击式挖槽机
挖槽机,抓斗式挖槽机
灌浆,固结灌浆
灌浆,帷幕灌浆
灌浆,砂砾地基灌浆
灌浆,接触灌浆
灌浆,回填灌浆
纵缝,纵缝灌浆
灌浆,纵缝灌浆
灌浆,化学灌浆
灌浆,灌浆设备
灌浆,全孔一次灌浆法
灌浆,全孔分段灌浆法
灌浆,纯压灌浆法
灌浆,循环灌浆法
灌浆,打管灌浆法
灌浆,套管灌浆法
灌浆,GIN灌浆法
灌浆,孔口封闭灌浆法
灌浆,灌浆浆液浓度
灌浆,灌浆试验
灌浆,灌浆压力
挖泥船,吸扬式挖泥船
挖泥船,绞吸式挖泥船
挖泥船,耙吸式挖泥船
挖泥船,抓斗式挖泥船
挖泥船,铲斗式挖泥船
挖泥船,链斗式挖泥船
挖泥船,挖泥船纵挖法
挖泥船,挖泥船横挖法
吹填,吹填土
抛石,基床抛石
抛石,抛石船
灌浆,高压喷射灌浆法
渡槽,渡槽导流
流量,导流设计流量
设计流量,导流设计流量
水位,施工拦洪水位
洪水,施工拦洪水位
流量,截流设计流量
设计流量,截流设计流量
截流,截流设计流量
堤,截流戗堤
戗堤,截流戗堤
截流,截流戗堤
堤,单戗堤截流
戗堤,单戗堤截流
截流,单戗堤截流
堤,多戗堤截流
戗堤,多戗堤截流
截流,多戗堤截流
堤,宽戗堤截流
戗堤,宽戗堤截流
截流,宽戗堤截流
龙口,龙口落差
落差,龙口落差
水位,人工降低地下水位
管井,管井排水
水利,环境水利
水文学,环境水文学
污染源,点污染源
水污染物,易降解水污染物
水污染物,难降解水污染物
水质监测,水质监测站网
水质监测,水质监测项目
水质监测,水质监测断面
采样,水质采样器
采样,采样点
采样,采样频率
湖泊,湖泊内源污染
湖泊,湖泊外源污染
湖泊,浅水湖泊
湖泊,深水湖泊
河流,河流复氧
水库,水库分层
溶解氧,溶解氧超饱和
湿地,湿地环境效应
水污染物,水污染物排放标准
水功能区,水功能区划
非点源污染,非点源污染物控制
水库,水库冷害
流域,流域水环境规划
环境规划,流域水环境规划
水利,水利信息
水利,水利基础信息
水资源,水资源信息
水利,农村水利信息
农村水利,农村水利信息
水利信息,农村水利信息
水利,水利工程信息
水利工程,水利工程信息
水利,水利政务信息
水利,水利信息化
水利信息,水利信息化
水利,水利信息化综合体系
水利信息,水利信息化综合体系
水利信息化,水利信息化综合体系
流域,智慧流域
水利,水利信息化基础设施
水利信息,水利信息化基础设施
水利信息化,水利信息化基础设施
水利,水利数据中心
水利,水利专网
水利,水利信息采集系统
水利信息,水利信息采集系统
水利,水利工程监控系统
水利工程,水利工程监控系统
信息集成,水信息集成和共享服务系统
水利,水利业务应用系统
水利,水利信息技术
水利信息,水利信息技术
文化,水文化
水利,水利文化
文化,水利文化
文化,物质形态水文化
水文化,物质形态水文化
文化,水工程文化
梯田,哈尼梯田
文化,水工具文化
文化,水景观文化
水利,水利风景区
文化,水文化遗产
水文化,水文化遗产
文化,行为形态水文化
水文化,行为形态水文化
水利,水利社会
文化,节水文化
水文化,节水文化
干旱,世界防止荒漠化和干旱日
文化,精神形态水文化
水文化,精神形态水文化
水利,水利精神
红旗渠,红旗渠精神
河流,河流辩证法
河流,河流伦理
文化,地域水文化
水文化,地域水文化
河流,河流文化
文化,河流文化
文化,海洋文化
水利,水利史
防洪,防洪抗旱
水利,农业水利
水利工程,水域
水库,下游
水库,湖泊
水位,水工建筑物
水库,水位
流量,防洪标准
堤,湖流
干渠,八堡圳
水文资料,水文年鉴
河流,地面径流
流域,分水线
沼泽,河源
河流,支流
冰川,冰蚀湖
河流,凌汛
河流,封冻
河流,冰坝
雪,春汛
流域,径流量
径流量,降水量
河流,融雪径流
水库,洪水
洪水,泄洪能力
径流量,枯水期
洪水,下游
洪水,暴雨径流
水位,洪潮遭遇
洪水,河流
水位,分洪
洪水,行洪区
堤,洪水
堤,主坝
水库,副坝
堤,副坝
水位,散浸
脱坡,滤水还坡
参考作物需水量,作物系数
播前灌溉,储水灌溉
水位,自流灌溉
水位,提水灌溉
灌溉,矿化度
矿化度,淡水
矿化度,咸水
灌溉,淡水
灌溉,格田
流量,排涝模数
河流,河槽
湖泊,容泄区
堤,圩区
盐土,盐碱土
盐土,碱化
返盐,碱化
水库,灌区
径流,排水工程
年调节,库容系数
水库,流量
流量,无调节水电站
坝后式水电站,调频电站
水库,备用容量
水能资源,农村水电站
变压器,地下厂房
流速,设计流量
闸门,拦污栅
水轮机进水阀,调节流量
水轮机,伸缩节
水轮发电机,励磁机
混流泵,蜗壳
真空泵,底阀
水闸,止水
防渗体,土石坝
水库,溢流土石坝
止水,横缝
闸门,上游
水位,检修闸门
平面闸门,螺杆式启闭机
闸门,启闭机
闸门,固定启闭机
衬砌,排沙底孔
水轮机,水电站拦污栅
闸门,溢洪道
衬砌,水工隧洞
衬砌,回填灌浆
衬砌,圆形隧洞
水利工程,流量
库容,流域面积
重力坝,挡水建筑物
挡水建筑物,宽缝重力坝
主坝,拱形重力坝
大坝加高,防洪标准
上游,流域面积
重力坝,上游
水库,径流
水库,水资源
溢洪道,混凝土浇筑
河流,河床
设计标准,导流设计流量
径流量,上游
枯水期,河槽
水位,河流
河流,流速
闸室,下游
闸室,挡水建筑物
水经,闸室
污染源,生活污水
供水系统,采样点
污染源,采样点
河流,采样点
文化,水域
水利工程,红旗渠
河流,湖泊
水利,水资源
水利,涝
水资源,淡水
水资源,径流
水利普查,水资源开发
水利枢纽,水利系统
流域,水利系统
水利系统,水利资源
城市水利,水害
洪水,水域
流域规划,水利资源
水资源,长江流域综合规划
长江流域综合规划,水害
长江流域综合规划,蓄滞洪区
长江流域综合规划,节水型社会
跨流域开发,水利资源
跨流域开发,引水建筑物
水力发电,跨流域开发
红水河梯级开发,防洪标准
黄河治理,洪灾
堤,黄河治理
淮河治理,水利资源
淮河治理,大型灌区
水利枢纽,淮河治理
水库,淮河治理
水利工程,涝
水利枢纽,水利资源
水利枢纽,落差
水利枢纽,溢洪道
串联水库,下游
串联水库,水利资源
注入式水库,客水
洪水,注入式水库
堤,平原水库
渗漏,平原水库
平原水库,渍
地下水库,截水墙
水库特征水位,流域面积
洪水,水库防洪限制水位
水库防洪限制水位,共用库容
库容,水库防洪限制水位
水库防洪限制水位,防洪库容
水库防洪限制水位,兴利库容
水库校核洪水位,设计洪水
水库校核洪水位,调洪演算
水库校核洪水位,有效库容
库容,水库校核洪水位
水库防洪高水位,防洪标准
流量,水库防洪高水位
洪水,死库容
有效库容,径流调节
有效库容,兴利库容
有效库容,调洪库容
有效库容,共用库容
流量,防洪库容
洪水,防洪库容
防洪库容,兴利库容
拦洪库容,设计洪水
洪水,调洪库容
调洪库容,水库校核洪水位
水库,径流调节
水利,径流调节
水库调节周期,水库死水位
多年调节,丰水年
年调节,日调节
径流,反调节
水库,反调节
反调节,日调节
流量,补偿调节
水库调度,防洪库容
水资源,水库调度
流量,水量累积曲线
渗漏,库区防渗
水库,库盘防渗
宋史·河渠志,水利史
堤,元史·河渠志
水利,清史稿·河渠志
水系,水经
涝,吴中水利书
至正河防记,决口
至正河防记,河槽
至正河防记,沉船
堤,河防通议
水经,治水筌蹄
堤,治水筌蹄
河床,治水筌蹄
堤,河防一览
水利,泰西水法
泰西水法,筒车
雪,泰西水法
堤,治河方略
堤,河工蠡测
堤,河干问答
水利,河渠纪闻
水道提纲,支流
畿辅水利议,坎儿井
沟洫,畿辅水利议
水系,西域水道记
六门陂,引水灌溉
洪泽湖大堤,平原水库
洪水,洪泽湖大堤
水位,洪泽湖大堤
木兰陂,山洪
水库,松花坝
溢洪道,松花坝
水利工程,松花坝
荆江大堤,金堤
水位,三江闸
土坝,嘉南大圳
水利,陕西八惠
水位,吴江水则碑
水位,涪陵石鱼
涪陵石鱼,水情
水资源,水文学
涝,地下水水文学
洪水,系统水文学
水汽输送,径流量
水汽输送,水文循环
枯水,水文年度
流域,水文实验
水文实验,水文模型
流域面积,数字高程模型
流域面积,分水线
水系,数字高程模型
雪,间歇河
河网密度,流域面积
径流,干流
支流,干流
径流,湖泊
湖泊,内陆湖
湖泊,淡水湖
内陆湖,淡水湖
湖泊,外流湖
构造湖,湖盆
堰塞湖,引水建筑物
径流,无流区
湿地,沼泽
高山冰川,大陆冰川
雨量,降水量
洪水,气旋雨
暴雨,台风雨
洪水,台风雨
洪水,对流雨
淫雨,气旋雨
汛期,防汛
伏汛,淫雨
暴雨,伏汛
秋汛,主汛期
秋汛,防汛
流速,涨水
流速,退水
洪水,河流冰情
堤,凌汛
封冻,冻结
封冻,冰盖
文开河,凌汛
武开河,冰坝
武开河,凌汛
水文站,水文资料
水位,水文站
雨量,水文站
水文测验,水文调查
水位,落差
流量,历时曲线
雨量,截留
下渗,填洼
下渗,土壤孔隙
植物散发,水面蒸发
植物散发,土壤蒸发
潜水蒸发,水面蒸发
潜水蒸发,土壤蒸发
潜水蒸发,碱化
蒸发,地面径流
地面径流,河槽
壤中径流,河槽
暴雨径流,淫雨
融雪径流,春汛
雪,径流预报
施工水文预报,围堰
流量,施工水文预报
水位,施工水文预报
径流,蓄满产流
雨量,蓄满产流
径流,超渗产流
雨量,超渗产流
降雨径流关系,径流量
雨量,单位线
径流,新安江模型
新安江模型,水文模型
新安江模型,地面径流
新安江模型,壤中径流
均值@@@@,水文特征值
雨量,均值@@@@
偏态系数,水文特征值
流量,重现期
频率曲线,水文特征值
设计年径流,径流量
流量,径流模数
暴雨频率,重现期
涝,设计暴雨
设计标准,设计暴雨
设计暴雨,设计洪水
流域,暴雨移置
雨量,暴雨移置
洪水,可能最大降水
涝,设计洪水
设计标准,设计洪水
流量,设计洪水
世界水资源,咸水
世界水资源,淡水
咸水,碱化
下渗,水资源总量
水库,水资源开发
流域,水资源开发
水资源可持续利用,水资源利用
水能,可供水量
水能,水资源供需平衡分析
水资源配置,水资源规划
资源型缺水,水资源承载能力
资源型缺水,跨流域调水
洪水资源化,防洪工程措施
洪水资源化,可供水量
降水,雨水利用
海水淡化,淡水
水能,地下含水层
地下含水层,重力水
水功能区,水域
水功能区,水资源可持续利用
水库,防洪工程
堤,防洪工程
湖泊,防洪工程
防洪工程,泄洪
防洪工程,水土保持
堤,防洪工程措施
湖泊,防洪工程措施
防洪工程措施,泄洪
防洪非工程措施,洪灾
防洪非工程措施,洪水预报
洪水,防洪应急预案
库容,水库防洪
水库防洪,蓄洪
水库调洪方式,防洪调度
洪水,防洪补偿调节
防洪补偿调节,安全泄量
流量,防洪错峰调节
水位,防洪错峰调节
洪灾,径流量
堤,洪灾
雪,洪灾
洪灾,泄洪能力
河流,冰凌灾害
冰凌灾害,冰盖
冰凌灾害,冰坝
堤,冰凌灾害
洪水,雪
雪,洪水期
水资源,洪水期
后汛期,前汛期
后汛期,下游
降水,后汛期
径流,枯水
蒸发,枯水
设计标准,超标准洪水
暴雨,1998年洪水
流量,1998年洪水
1998年洪水,决口
1998年洪水,垸
雨量,“75·8”洪水
防洪风险率,洪灾
洪水,防洪调度
流量,洪峰
山洪,谷坊
防汛,洪灾
防汛,水情
防汛,报汛
防汛,险情
报汛,水情
潮汛,险情
防台,险工
警戒水位,险情
堤,警戒水位
保证水位,防汛
保证水位,防洪工程
保证水位,险情
分洪水位,水情
安全泄量,险情
水能,安全泄量
安全泄量,洪灾
流量,安全泄量
泄洪能力,泄水建筑物
流量,泄洪能力
流量,蓄洪
洪水,蓄洪
分洪,安全泄量
流量,分洪
水闸,分洪
分洪,下游
堤,泄洪
流量,滞洪
滞洪,洪峰
行洪,泄洪能力
洪水,行洪
水位,行洪
河流,减河
减河,下游
引河,决口
流量,引河
引河,堵口
水利工程,引河
河流,引河
洪水,蓄滞洪区
堤,行洪区
堤,分洪区
圩,分洪区
分洪区,渍
分洪工程,安全泄量
流量,分洪工程
洪水,避洪工程
分洪道,安全泄量
河流,分洪道
堤,河槽
堤,埝
堤,青坎
青坎,脱坡
涝,保庄圩
庄台,蓄洪
洪水,避洪楼
避洪楼,滞洪
戗堤,散浸
戗堤,马道
导堤,引河
护坡,子堤
过水堤,跌水
洪水,自溃堤
戗台,水戗
水库,迎水坡
水库,背水坡
洪水,副坝
副坝,泄洪量
钢木土石组合坝,防渗体
洪水,平工
平工,险工
堤,险工
河流,挑溜
夺溜,引河
巡堤查险,散浸
巡堤查险,跌窝
巡堤查险,险情
巡堤查险,抢险
护坡,堤防岁修
堤坝隐患,险情
反滤,鼓泡
堤,脱坡
堤,决口
决口,裹头
抢险,险情
堤,抢险
抢险,泄洪能力
护坡,抢险
反滤,抢险
抢险,散浸
防凌,冰塞
堤,防凌
防凌,冰坝
水库,防凌
流量,防凌
水位,防凌
闭气,埽工
堤,闭气
闭气,混凝土防渗墙
堤,龙口
龙口,闭气
水位,反滤围井
堤,反滤围井
填塘固基,险情
河道清障,行洪
渗漏,堤基防渗
梢工,沉排
沉排,梢料
水位,沉排
堤,梢料
石笼,围堰
堤,埽工
水工建筑物,埽工
截流,埽工
软厢,埽工
软厢,排桩
软厢,堵口
堤,软厢
水资源,干旱
干旱指数,降水量
蒸发,墒情监测
干旱,墒情监测
水能,抗旱保墒
降水,抗旱保墒
抗旱天数,灌溉设计标准
抗旱措施,客水
干旱,抗旱应急水源
降水,旱地农业
水利工程,集雨工程
水系,集雨工程
蒸发,抗旱保水剂
抗旱保水剂,蒸腾率
水能,抗旱保水剂
抗旱保水剂,土壤温度
农田水利,水情
农田水利,灌溉面积
农田水利基本建设,塘坝
土壤含水量,田间持水量
结合水,吸湿水
毛管水,毛管上升水
重力水,田间持水量
重力水,地下径流
重力水,次生盐渍化
吸湿系数,土壤含水量
蒸发,田间持水量
径流,田间持水量
持水当量,田间持水量
土壤有效水分,田间持水量
土壤有效水分,毛管破裂含水量
水能,饱和含水量
土水势,基模势
土壤水,基模势
压力势,土水势
土壤水吸力,土水势
土壤水分特征曲线,基模势
张力计,基模势
中子测水仪,土壤含水量
γ射线测水仪,土壤含水量
电导率仪,土壤含水量
蒸渗仪,排水设施
干旱,作物灌水指标
蒸腾比,水情
参考作物需水量,水情
需水量模比系数,灌溉制度
灌溉制度,灌溉工程
渗漏,灌水定额
灌水定额,渠道输水损失
灌溉定额,灌水定额
渗漏,灌溉定额
灌溉,计划湿润层
计划湿润层,灌溉制度
径流,有效降雨量
有效降雨量,灌溉制度
雨量,深层渗漏量
水田渗透量,灌溉用水量
流量,灌水模数图
水库,灌溉用水过程线
流量,灌溉用水过程线
降水,储水灌溉
径流,储水灌溉
水资源,播前灌溉
喷灌,节水灌溉
节水灌溉,灌溉用水量
节水灌溉,灌溉制度
非充分灌溉,灌溉面积
控制灌溉,作物需水量
控制灌溉,灌溉用水量
水位,精准灌溉
精准灌溉,作物需水规律
流量,灌溉设计标准
洪水,浑水灌溉
流量,浑水灌溉
浑水灌溉,沟灌
涝,放淤
水资源,劣质水灌溉
污水灌溉,工业废水
水泵,污水灌溉
污水灌溉,灌溉面积
污水灌溉,田间工程
污水灌溉,灌水定额
污水灌溉,灌水技术
微咸水灌溉,灌溉水源
肥水灌溉,淡水
磁化水灌溉,碱土
灌区,灌溉回归水
河流,灌溉回归水
灌溉回归水,灌溉面积
灌溉水质,矿化度
灌溉水质,工业废水
水泵,灌溉工程
水系,灌溉工程
塘坝,地面径流
塘坝,灌溉水源
干渠,支渠
灌区,干渠
斗渠,农渠
闸门,斗门
农门,农渠
农渠,毛渠
毛渠,输水沟
输水沟,灌水沟
灌水沟,沟灌
长藤结瓜式灌溉系统,灌溉面积
水能,渠道防渗
渠道防渗,水安全
渗漏,人工淤填
下渗,人工淤填
流速,人工淤填
闸门,配水井
配水井,地下渠道
流量,给水栓
条田,田间工程
条田,渍
灌水技术,土壤有效水分
流量,畦灌
渗漏,膜上灌
蒸发,膜上灌
渗漏,涌流灌溉
淹灌,格田
灌溉,水浆管理
微灌,滴头
喷头,微灌
喷头,微喷灌
灌溉,微喷灌
微喷灌,地面灌溉
径流,喷灌强度
射流式喷头,喷灌均匀度
散水式喷头,蜗壳
喷灌,缝隙式喷头
灌溉,地埋式喷头
水泵,恒压喷灌系统
喷头,恒压喷灌系统
喷头,半固定式喷灌系统
喷头,中心支轴式喷灌机
喷头,平移自走式喷灌机
平移自走式喷灌机,低压喷头
绞盘式喷灌机,喷灌机组
径流,微喷头
灌溉,喷灌带
灌溉,滴灌带
灌溉,长流道滴头
流量,长流道滴头
微孔毛管,土壤孔隙
雨量,土壤湿润比
井灌,碱化
水能,井灌
井渠结合,井灌
井渠结合,盐渍化
暴雨,井渠结合
井渠结合,灌溉水源
灌溉,井灌井排
管井,真空井
水位,真空井
真空井,扬程
坎儿井,自流灌溉
水能,土壤水库
水资源,灌溉预报
作物水分生产函数,灌溉制度
流量,量水槽
水能,量水喷嘴
渠系水利用系数,毛渠
灌溉水利用系数,格田
水泵,排水工程
自流排水,容泄区
自流排水,平均水位
提水排水,容泄区
提水排水,平均水位
水泵,提水排水
农田排水,渍
农田排水,地下排水
农田排水,竖井排水
农田排水,自流排水
农田排水,土壤温度
除涝,涝灾
径流,除涝
除涝,截流沟
河流,除涝
除涝,排水闸
湖泊,除涝
除涝设计标准,涝灾
径流,除涝设计标准
涝,作物耐淹水深
流量,作物耐淹水深
地下水适宜埋深,渍
地下水适宜埋深,灌溉用水量
地下排水模数,渍
流量,地下排水模数
除涝排水系统,排水闸
除涝排水系统,容泄区
除涝排水系统,明沟排水
农沟,毛沟
水能,容泄区
水位,容泄区
截流沟,灌溉水源
截渗沟,地下径流
撇洪沟,山洪
等高截流,截流沟
径流,等高截流
水库,等高截流
等高截流,灌溉水源
暴雨,等高截流
沟洫,水害
沟洫畦田,旱情
沟洫台田,渍
涝,沟洫台田
雨量,暗沟排水
渗漏,鼠道排水
生物排水,返盐
减压井,反滤层
沉沙井,倒虹吸
降水,竖井排水
涝,竖井排水
竖井排水,灌溉水源
圩区,垸
水闸,圩区
涝,灌排分开
灌排分开,渍
灌排分开,碱化
灌溉,灌排分开
涝,分级分片控制
梯级控制,落差
暴雨,梯级控制
涝,梯级控制
灌溉,梯级控制
蓄洪垦殖,安全泄量
防洪,围垦
盐碱地改良,次生盐渍化
盐碱地改良,灌排分开
盐碱地改良,土壤蒸发
蒸发,盐碱地改良
降水,盐碱土
盐土,脱盐
雨量,盐渍化
次生盐渍化,渠道防渗
水盐运动,次生盐渍化
土壤改良,梯田
洗盐,返盐
压盐,灌水定额
压盐,返盐
脱盐,盐碱土
抽咸补淡,咸水
抽咸补淡,容泄区
径流,抽咸补淡
抽咸补淡,矿化度
蓄淡养青,淡水
堤,蓄淡养青
蓄淡养青,咸水
盖砂,返盐
蒸发,盖砂
覆盖,碱化
水土保持,水土流失
水土保持,梯田
水土保持,谷坊
径流,水土保持
水土保持,覆盖
水土保持,洪峰
面蚀,沟蚀
沟头防护,涝池
径流,沟头防护
洪水,水簸箕
人工沙障,风蚀
蒸发,蓄水保土耕作
径流,涝池
淤地坝,洪峰
鱼鳞坑,地面径流
泵站,引水建筑物
泵站,水泵
水泵,泵站效率
水泵,机电排灌
圬工泵站,轴流泵
涝,圬工泵站
灌溉,圬工泵站
泵站,泵船
水车,泵车
水泵,泵车
泵站,泵车
真空破坏阀,扬程
大型灌区,灌溉面积
水位,自流灌区
灌溉,提水灌区
水位,提水灌区
提水灌区,提水灌溉
灌溉,都江堰灌区
水利工程,泾惠渠灌区
泾惠渠灌区,灌溉工程
水能,泾惠渠灌区
洛惠渠灌区,干渠
宝鸡峡引渭灌区,供水系统
水泵,宝鸡峡引渭灌区
内蒙河套灌区,干渠
涝,苏北灌溉总渠
水闸,安丰塘水库
人民胜利渠,灌溉工程
涝,人民胜利渠
灌溉,人民胜利渠
径流,尼罗河灌区
灌溉,尼罗河灌区
尼罗河灌区,多年调节
尼罗河灌区,灌溉面积
尼罗河灌区,次生盐渍化
尼罗河灌区,灌溉管理
灌溉,印度河灌区
水能,印度河灌区
灌溉农业,灌溉工程
灌溉农业,沟灌
涝,城市水务
涝,水务一体化
水资源,水务一体化
堤,河道蓝线
涝,涉水工程
水能,最佳水力半径
湖泊,退田还河
涝,城市水文模型
防洪风险管理,洪水风险
分质供水,供水系统
水资源,分质供水
水能,联网供水
应急水源地,水安全
城市防洪,上游
城市防洪,防洪工程措施
水能,城市内涝
城市防洪体系,蓄洪
洪水,城市防洪标准
水泵,城市排水小系统
径流,城市治涝大系统
城市治涝大系统,暴雨径流
城市防洪圈,设计洪水
水位,防洪墙
水泵,排涝泵站
排涝泵站,水面率
涝,地下贮留池
水资源,地下贮留池
涝,深隧
水资源,深隧
下渗,渗透池
径流,渗透池
流量,渗透池
雨水花园,径流量
径流,植物浅沟
水污染物,植物浅沟
暴雨,下沉式广场
径流,下凹式绿地
径流,透水铺面
径流,渗透沟渠
涝,地表径流系数
绿地下渗率,下渗曲线
绿地下渗率,霍顿下渗公式
下渗曲线,下渗率
流量,洪峰模数
洪水利用,洪水风险
洪水利用,防洪库容
降水,短历时暴雨
雨量,城市设计暴雨雨型
设计流量,地面集水时间
降水,凝结核
水系,循环用水
水资源,循环用水
径流,源头消减
流量,源头消减
分流制排水系统,生活污水
河床,落差
河床,水能
水轮机,水能利用
水能利用,下游
水能,水力发电
水力发电站,多年调节水电站
水力发电站,年调节水电站
流量,水力发电站
水力发电站,坝式水电站
水库,水力发电站
流量,水电站开发方式
水库,坝式水电站
坝式水电站,径流调节
坝式水电站,蓄水式水电站
坝式水电站,径流式水电站
河床式水电站,引水建筑物
引水式水电站,引水建筑物
水库,引水式水电站
引水式水电站,径流式水电站
引水式水电站,有压隧洞
混合式水电站,有压隧洞
混合式水电站,径流调节
混合式水电站,蓄水式水电站
径流式水电站,径流调节
水库,径流式水电站
年调节,蓄水式水电站
库容系数,多年调节
洪水,日调节水电站
日调节水电站,枯水期
径流,日调节水电站
无调节水电站,径流调节
水库,无调节水电站
日电能累积曲线,日负荷图
峰荷,腰荷
火力发电站,基荷
水位,潮汐电站
水库,潮汐电站
海水温差发电,淡水
水轮机,波浪能发电
河流,海流发电
水能,抽水蓄能电站
抽水蓄能电站,峰荷
水能,水电站流量
水电站流量,调节流量
水电站弃水,下游
保证电能,枯水年
保证电能,水电站最大工作容量
装机容量年利用小时数,设备利用率
重复容量,季节性电能
水电站空闲容量,重复容量
水库备用库容,兴利库容
水电站运行方式,峰荷
调频电站,备用容量
水库,调频电站
调峰电站,基荷
调峰容量平衡,旋转备用容量
水资源,水电站水库调度
水能资源,水电站经济运行
水位,射流增差
射流增差,落差
水库,水电站群
水能资源,梯级水电站
水利枢纽,河流梯级开发
径流,河流梯级开发
脱水河段,引水式水电站
水位,梯级水库联合调度
水库,跨流域补偿调节
河床式厂房,落差
溢洪道,坝后式厂房
水系,地下厂房
地下厂房,下游
起重机,露天式厂房
露天式厂房,桥式起重机
发电机层,桥式起重机
水轮机,装配场
水电站厂房机组段,永久缝
变压器,水电站尾水平台
排冰道,水电站进水口
水轮机,水电站输水建筑物
水工建筑物,水电站输水建筑物
水电站输水建筑物,落差
水轮机,水电站引水建筑物
动力渠道,压力前池
水能,动力渠道
流量,自动调节渠道
流量,非自动调节渠道
水位,动力渠道水力计算
水能,动力渠道设计流量
动力渠道设计流量,水情
流量,动力渠道极限过水能力
日调节池,峰荷
日调节池,压力前池
水能,水电站进水口
流量,水电站进水口
水电站进水口,拦污栅
流量,进水口闸门
进水口闸门,事故闸门
启闭机,进水口闸门
流量,闸门旁通管
闸门,充水阀
进水口淹没深度,进水口闸门
流速,进水口淹没深度
引水隧洞,落差
水锤,压力管道
压力管道,动水压力
明钢管,伸缩节
直接水锤,水锤波速
直接水锤,水锤波
间接水锤,水锤波速
第一相水锤,水锤波速
流速,第一相水锤
流速,水锤计算图解法
水锤计算图解法,水锤波速
水电站调压室,水锤波
水电站调压室,上游
水电站调压室,下游
简单式调压室,水锤波
水室式调压室,简单式调压室
水位,差动式调压室
水位,调压室涌波
水系,调压室临界稳定断面
反击式水轮机,下游
轴流式水轮机,轴流定桨式水轮机
流量,轴流定桨式水轮机
可逆式水轮机,水轮发电机
贯流式水轮机,蜗壳
水库,灯泡贯流式水轮机
灯泡贯流式水轮机,导水机构
水轮机,尾水管
水轮机,比转速
机械液压型调速器,永磁发电机
配压阀,接力器
接力器,导水机构
油压装置,接力器
流量,调压阀
水轮机进水阀,球阀
渗漏,水电站排水系统
变压器,电力网
负荷开关,高压断路器
电压互感器,继电保护
电流互感器,继电保护
流量,电力电缆
涝,水泵
贯流泵,轴流泵
贯流泵,蜗壳
涝,圬工泵
流量,水轮泵
流量,水锤泵
涝,螺旋泵
水泵,允许吸上真空高度
闸阀,真空泵
洪水,水工建筑物级别
水利枢纽,坝型选择
水库,初步设计
水位,初步设计
技术设计,初步设计
水库,挡水建筑物
水工建筑物,挡水建筑物
流量,水电站建筑物
变压器,水电站建筑物
闸门,筏道
筏道,闸室
筏道,下游
闸门,鱼闸
升鱼机,上游
临时性水工建筑物,永久性水工建筑物
水闸,取水建筑物
水工建筑物,地震作用
水工建筑物抗震设计,地震作用
水工建筑物抗震设计,动力响应
水工建筑物抗震设计,排水设施
结构振动模型试验,动力响应
水工荷载组合,扬压力
水工建筑物,稳定安全系数
纯摩公式,挡水建筑物
剪摩公式,挡水建筑物
排水设施,减压井
心墙,土石坝
堆石坝,振动碾
心墙,防渗体
防渗体,铺盖
水位,心墙
岸坡绕流,刺墙
河床,坝基渗漏
坝基渗漏,截水槽
渗漏,防渗墙
截水槽,斜墙
贴坡式排水,反滤层
水位,贴坡式排水
棱体排水,反滤层
褥垫式排水,反滤层
褥垫式排水,排水设施
管式排水,反滤层
坝基排水,减压井
流量,溢流土石坝
土坝,溢流土石坝
堆石坝,溢流土石坝
河床,溢流土石坝
溢流土石坝,围堰
炸药,定向爆破筑坝
定向爆破筑坝,斜墙
沥青混凝土面板坝,防渗体
堆石坝,沥青混凝土面板坝
钢筋混凝土面板堆石坝,防渗体
面板脱空,垫层
渗漏,周边缝
止水,垂直缝
渗漏,垂直缝
L形挡墙,沉陷缝
止水,L形挡墙
土工膜防渗斜墙坝,上游
土工膜防渗斜墙坝,垫层
渗漏,土工膜库盘防渗
土工织物反滤,反滤层
重力坝,扬压力
河床,溢流重力坝
浆砌块石坝,纵缝
浆砌块石坝,横缝
横缝,键槽
灌浆,横缝
键槽,稳定温度场
灌浆,键槽
坝基排水孔,扬压力
坝基排水孔,排水廊道
廊道,坝基排水孔
基础灌浆廊道,帷幕灌浆
水系,基面排水
廊道,基面排水
廊道,坝身排水管
坝身排水管,下游
坝基集水井,下游
水泵,坝基集水井
灌浆区,止浆片
灌浆区,灌浆压力
拱形重力坝,溢流前缘
拱坝体形,单曲拱坝
拱坝体形,双曲拱坝
空腹拱坝,扬压力
垫座,周边缝
水垫塘,二道坝
诱导缝,横缝
灌浆,诱导缝
诱导缝,周边缝
推力墩,重力墩
混凝土置换,防渗墙
混凝土置换,混凝土塞
碾压混凝土坝,横缝
碾压混凝土,变态混凝土防渗
大头坝,溢流面
水闸,闸室
闸门,水闸
水位,水闸
流量,水闸
水闸,节制闸
水位,节制闸
排水闸,渍
冲沙闸,渠首工程
分洪闸,分洪区
河流,挡潮闸
水位,挡潮闸
挡潮闸,淡水
闸门,涵洞式水闸
水位,橡胶坝
阻滑板,闸室
阻滑板,铺盖
闸门,门槽
闸门,闸墩
边墩,沉陷缝
闸门,闸孔跨距
边墩绕流,刺墙
启闭机,平面闸门
双扉平板闸门,上游
水位,双扉平板闸门
闸门,护镜门
圆筒闸门,事故闸门
双曲扁壳闸门,上游
水位,舌瓣闸门
水位,旋转刚架闸门
旋转刚架闸门,检修闸门
闸门,叠梁门
闸门,活动启闭机
闸门,油压式启闭机
水库,泄水建筑物
水工建筑物,泄水建筑物
泄水建筑物,泄洪
溢洪道,设计流量
水库,坝身泄水孔
坝身泄水孔,泄洪
水库,放空底孔
闸门,通气孔
设计流量,通气孔
通气孔,封冻
厂房顶溢流,下游
厂房顶溢流,反弧段
流量,扩散段
流速,扩散段
折冲水流,下游
折冲水流,分水墙
河床,下游消能
河床,消能工
消能工,消力池
消能工,挑流鼻坎
底流式消能,消力池
面流式消能,下游
水能,窄缝式挑流消能
空中对撞消能,挑流鼻坎
雪,空中对撞消能
流速,尾槛
河床,护坦
护坦,排水孔
海漫,消力池
海漫,护底
防冲槽,护底
防冲槽,海漫
挑流鼻坎,下游
水位,挑流鼻坎
差动式鼻坎,通气孔
流量,扩散角
扩散角,折冲水流
挑射角,下游
平台扩散水跃消能,消力池
河床,喷射扩散消能
水位,喷射扩散消能
压力式扩散消能,动水压力
流速,人工加糙
闸门,泄水道首部
竖井式首部,渐变段
竖井式首部,弧形闸门
闸门,平压管
水位,溢洪道
流量,溢洪道
溢洪道,土石坝
侧槽式河岸溢洪道,泄水渠
侧槽式河岸溢洪道,下游
流量,侧槽式河岸溢洪道
竖井式溢洪道,下游
竖井式溢洪道,闸墩
闸门,竖井式溢洪道
竖井式溢洪道,圆筒闸门
流量,虹吸式溢洪道
水位,虹吸式溢洪道
非常溢洪道,副坝
堤,非常溢洪道
洪水,非常溢洪道
水位,溢洪道控制堰
水位,引水建筑物
引水建筑物,泵房
水位,无坝引水口
水闸,无坝引水口
无坝引水口,冲沙闸
水位,有坝引水口
有坝引水口,引水建筑物
有坝引水口,下游
水工隧洞,无压隧洞
水系,有压隧洞
水能,圆形隧洞
圆形隧洞,内水压力
衬砌,外水压力
水位,外水压力
水能,衬砌
衬砌,无压隧洞
衬砌,有压隧洞
隧洞衬砌,有压隧洞
水能,隧洞衬砌
隧洞衬砌,内水压力
预应力衬砌,混凝土泵
预应力衬砌,回填灌浆
上埋式管道,截流环
止水,上埋式管道
水位,渠首工程
沉沙槽式渠首,冲沙闸
沉沙槽式渠首,分水墙
引水渠式渠首,进水闸
河流,人工弯道式渠首
渡槽,两岸引水式渠首
廊道,底拦栅式渠首
冲沙廊道,下游
水闸,冲沙廊道
闸门,冲沙廊道
拦沙坝,灌溉渠道
水工建筑物,落差建筑物
落差建筑物,泄洪
落差建筑物,跌水
流量,无压式涵洞
水利工程,拱形涵洞
抛石护坡,垫层
砌石护坡,垫层
堤,杩槎
灌浆,水工建筑物除险加固
水工建筑物除险加固,防渗墙
库容,大坝加高
洪水,水工建筑物安全监控
渗流监测,量水堰
流量,量水堰
量水堰,下游
引张线法,倒锤
溢洪道,官厅水库
新安江水电站,厂房顶溢流
乌江渡水电站,流域面积
溢洪道,乌江渡水电站
溢洪道,碧口水电站
丹江口水利枢纽,宽缝重力坝
丹江口水利枢纽,土石坝
水闸,葛洲坝水利枢纽
三峡水利枢纽,葛洲坝水利枢纽
水位,三峡水利枢纽
洪水,三峡水利枢纽
截流,三峡水利枢纽
锦屏拱坝,双曲拱坝
小浪底水利枢纽,下游
防洪,水布垭混凝土面板堆石坝
水布垭混凝土面板堆石坝,马道
向家坝水利枢纽,流域面积
防洪,旁多水利枢纽
旁多水利枢纽,混凝土防渗墙
隔河岩水利枢纽,重力拱坝
拱坝,隔河岩水利枢纽
重力坝,隔河岩水利枢纽
糯扎渡心墙堆石坝,反滤层
水系,龙滩碾压混凝土重力坝
截流,龙滩碾压混凝土重力坝
水库,天荒坪抽水蓄能电站
天荒坪抽水蓄能电站,钢筋混凝土面板堆石坝
水位,天荒坪抽水蓄能电站
沙牌碾压混凝土拱坝,碾压混凝土坝
涝,淮安枢纽
涝,曹娥江大闸
流域,南水北调工程
水位,南水北调工程
水能,南水北调工程
南水北调工程,上游
水资源,南水北调工程
招标,投标
预算定额,施工进度计划
设备管理,设备利用率
土石方压实机械,平碾
振动碾,平碾
振动碾,羊足碾
振动碾,气胎碾
土石方调配,施工组织设计
难方开挖,井点排水
堆石坝,堆石薄层碾压法
堆石薄层碾压法,平碾
堆石薄层碾压法,振动碾
堆石薄层碾压法,土石坝
土坝,后退法
土砂松坡接触平起法,防渗体
斜坡碾压,垫层
爆破机理,自由面
爆破漏斗,抛掷爆破
爆破,炸药威力
导火索,雷管
炸药,导爆索
炸药,导爆管
电力起爆,雷管
导爆索起爆,雷管
爆破,导爆索起爆
炸药,导爆索起爆
缓冲孔爆破,崩落孔
炸药,静态爆破
滑升模板,施工缝
混凝土拌和机,塑性混凝土
仓面喷雾机,混凝土养护
混凝土真空吸水养护,混凝土养护
混凝土低温季节施工,成熟度
混凝土水下浇筑法,混凝土浇筑
混凝土温度控制,混凝土温度裂缝
拱坝,混凝土温度控制
混凝土温度控制,横缝
施工缝,键槽
蒸发,骨料预冷
分缝分块浇筑法,凿毛
通仓浇筑法,纵缝
碾压混凝土,VC值
VC值,干贫混凝土
钻孔机具,凿岩机
爆破,钻孔机具
顶管法,千斤顶
全断面开挖法,自由面
衬砌,台阶开挖法
导洞开挖法,自由面
掏槽孔,自由面
灌浆,隧洞坍方
隧洞坍方,光面爆破
喷射混凝土衬砌,全断面开挖法
钻劈法,槽孔
钻抓法,槽孔
挖槽机,槽孔
水工建筑物,冲击式钻机
冲击式挖槽机,槽孔
泥浆固壁,稳定液
自凝灰浆,槽孔
帷幕灌浆,扬压力
渗漏,砂砾地基灌浆
接触灌浆,循环灌浆法
全孔分段灌浆法,灌浆压力
GIN灌浆法,灌浆压力
孔口封闭灌浆法,灌浆压力
灌浆,预埋花管法
射水法沉桩,打桩锤
水下施工,围堰
吸扬式挖泥船,绞吸式挖泥船
铲斗式挖泥船,围堰
链斗式挖泥船,采砂船
堤,吹填
堤,吹填土
堤,泥场
堤,抛石船
设计标准,基床平整
河床,沉箱法施工
降水,排桩
垂直铺塑法,泥浆固壁
河床,导流方式
水能,明渠导流
河流,明渠导流
水库,隧洞导流
涵管导流,泄水建筑物
水能,渡槽导流
水利工程,渡槽导流
截流,导流方案
截流,石笼
平堵,险情
戗堤,立堵
立堵,平堵
立堵,抛投物料
河流,截流戗堤
截流戗堤,护底
单戗堤截流,围堰
多戗堤截流,跌水
流速,宽戗堤截流
宽戗堤截流,抛投物料
截流,龙口落差
水泵,管井排水
环境水利,水体污染
水质监测,环境水利
水体污染,溶解氧
水体污染,河流复氧
雪,非点源污染
河流,非点源污染
水污染物,溶解氧
总有机碳,溶解氧
氨氮,富营养化
总磷,富营养化
水质监测站网,干流
水系,采样点
流量,采样
水利工程,水质调查
水质调查,水体污染
水质调查,环境影响评价
浅水湖泊,富营养化
河流复氧,溶解氧
复氧系数,溶解氧
耗氧系数,溶解氧
富营养化,工业废水
富营养化,水华
水库分层,水质指标
水资源,水质评价
水库,受损水体
水能,湿地环境效应
水污染物排放标准,水环境质量标准
排污削减量,水体污染
环境规划,排污削减量
水域,饮用水水源保护区
非点源污染物控制,径流量
水资源,污染物总量控制
水污染综合防治,水体污染
水污染综合防治,用水定额
水污染综合防治,重复利用率
灌溉,水污染综合防治
引江济太,河网
水位,引江济太
水利信息,水灾害信息
水利信息,水利工程信息
干旱,智慧流域
水利信息,数据库
哈尼梯田,干渠
灌溉,哈尼梯田
水文化,汲水工具
水力工具,绿色能源
洪水,镇水工具
水景观文化,精神形态水文化
水域,滨水景观
水文化,水利风景区
水位,白鹤梁
白鹤梁,涪陵石鱼
嘉应观,龙王庙
都江堰放水节,杩槎
文化,都江堰放水节
水利工程,治水社会
治水社会,水利社会
围水造田,退田还湖
节水型社会,水资源承载能力
水资源,全国城市节水宣传周
《孟子》说水,水利史
《管子》说水,水资源管理
洪水,98抗洪精神
水利,史记·河渠书
水利,防洪
水利,灌溉
水利,水力发电
水利,水土保持
水资源,水文循环
水资源,水能资源
水能,水利资源
防洪,水利资源
水利资源,除涝
灌溉,水利资源
水利资源,海水淡化
水能资源,水利资源
流量,水能资源
水能资源,落差
水力发电,水能资源
水文学,水科学
水利科学,水科学
流域,水危机
涝,水危机
水资源,水危机
水危机,水体污染
防洪,水安全
水利工程,水安全
水资源,水安全
湖泊,水利普查
水资源,水利普查
河流,水利系统
水库,水利系统
灌溉,水利系统
水利系统,水电站厂房
水利系统,跨流域调水
水资源,城市水利
城市防洪,城市水利
城市水利,排水工程
城市水利,城市水务
灌溉,牧区水利
水利工程,牧区水利
牧区水利,灌溉工程
水资源,牧区水利
干旱,牧区水利
水库,水利渔业
河流,水利渔业
水域,水利渔业
水务管理,水务一体化
水资源,水务管理
水务管理,城市水务
防洪,水务管理
水务管理,农村水利
水务管理,水土保持
水库,水域
灌溉,水域
水域,围垦
流域规划,水资源管理
水利,长江流域综合规划
防洪,长江流域综合规划
堤,长江流域综合规划
水库,长江流域综合规划
长江流域综合规划,水资源开发
水能资源,长江流域综合规划
水功能区,长江流域综合规划
河流综合利用,环境保护目标
水资源,河流综合利用
河流综合利用,水资源可持续利用
防洪,河流综合利用
河流综合利用,除涝
灌溉,河流综合利用
水力发电,河流综合利用
水资源,海洋开发利用
海洋开发利用,波浪能发电
河流,跨流域开发
跨流域开发,涝灾
水位,跨流域开发
水资源,跨流域调水
降水,跨流域调水
红水河梯级开发,上游
红水河梯级开发,干流
河流,红水河梯级开发
红水河梯级开发,下游
红水河梯级开发,落差
灌溉,红水河梯级开发
干旱,黄河断流
黄河断流,决口
黄河断流,下游
降水,黄河断流
水资源,黄河断流
水库,黄河断流
河流,黄河治理
径流,黄河治理
黄河治理,输沙量
黄河治理,水土流失
水库,黄河治理
黄河治理,下游
洪水,黄河治理
黄河治理,决口
河床,黄河治理
黄河调水调沙,小浪底水利枢纽
水库,黄河调水调沙
黄河调水调沙,下游
河床,黄河调水调沙
黄河调水调沙,行洪
黄河调水调沙,枯水期
河流,淮河治理
洪水,淮河治理
淮河治理,上游
淮河治理,中游
堤,淮河治理
淮河治理,苏北灌溉总渠
淮河治理,干流
流域,淮河治理
湖泊,淮河治理
淮河治理,蓄滞洪区
淮河治理,蓄洪
淮河治理,庄台
淮河治理,避洪楼
淮河治理,保庄圩
淮河治理,覆盖
防洪,淮河治理
淮河治理,防汛
水利工程,防洪
水利工程,农田水利
水利工程,水力发电
水利工程,海塘
水利工程,海水淡化
水工建筑物,水利枢纽
水库,水利枢纽
水位,水利枢纽
水利枢纽,泄洪
水利枢纽,水电站厂房
灌溉,水利枢纽
水利枢纽,筏道
水利枢纽,鱼道
水库,调节流量
水库,河流
水库,防洪
灌溉,水库
河流,串联水库
串联水库,上游
径流,串联水库
串联水库,径流调节
库容,串联水库
汛期,调蓄水库
防洪,调蓄水库
灌溉,注入式水库
灌溉,平原水库
平原水库,取水建筑物
平原水库,碱化
蒸发,地下水库
湿地,水库库区综合利用开发
水库特征水位,水库死水位
水库特征水位,水库防洪限制水位
水库特征水位,水库正常蓄水位
水库特征水位,水库防洪高水位
水库特征水位,水库设计洪水位
水库特征水位,水库校核洪水位
水库特征水位,降水量
水库特征水位,径流量
洪水,水库特征水位
水库特征水位,调洪演算
库容,水库正常蓄水位
河流,水库正常蓄水位
水库正常蓄水位,落差
水库死水位,死库容
水工建筑物,水库设计洪水位
水库设计洪水位,下游
防洪,水库设计洪水位
水库设计洪水位,调洪演算
水库设计洪水位,水库防洪限制水位
汛期,水库防洪限制水位
水库防洪限制水位,水库防洪高水位
水库防洪限制水位,水库正常蓄水位
水库防洪限制水位,蓄洪
水工建筑物,水库校核洪水位
水库校核洪水位,水库设计洪水位
水库校核洪水位,水库防洪限制水位
水库校核洪水位,水库死水位
水库防洪高水位,下游
水库防洪高水位,设计洪水
水库防洪高水位,蓄洪
水库防洪高水位,泄洪
水库消落深度,水库正常蓄水位
水库消落深度,水库死水位
水库,库容
水位,库容
库容,水库特征水位
兴利库容,水库死水位
兴利库容,径流调节
灌溉,兴利库容
汛期,兴利库容
兴利库容,蓄洪
水力发电,死库容
灌溉,死库容
水位,死库容
水库,有效库容
防洪,有效库容
有效库容,水库死水位
防洪库容,蓄洪
防洪库容,洪峰
防洪库容,下游
汛期,防洪库容
水位,防洪库容
拦洪库容,水库设计洪水位
拦洪库容,水库防洪限制水位
拦洪库容,泄洪
水位,拦洪库容
调洪库容,水库防洪限制水位
调洪库容,泄洪
水位,调洪库容
径流调节,径流量
湖泊,径流调节
水位,径流调节
径流调节,日调节
径流调节,蓄洪
径流调节,下游
径流调节,洪灾
防洪,径流调节
水位,水库调节周期
水库调节周期,水库正常蓄水位
多年调节,枯水年
多年调节,径流调节
水库,多年调节
水库,年调节
年调节,洪水期
年调节,枯水期
年调节,径流调节
枯水,年调节
径流,日调节
反调节,下游
反调节,上游
反调节,径流调节
水位,反调节
流速,反调节
灌溉,反调节
调节系数,调节流量
河流,调节系数
流量,调节系数
调节系数,径流调节
补偿调节,电力系统
补偿调节,水利系统
水利枢纽,补偿调节
补偿调节,径流调节
水库,补偿调节
水库调度,技术管理
汛期,水库调度
水库调度,兴利库容
水位,水库调度图
水库调度图,防洪调度
洪水,水库调度图
蓄放水次序,电力系统
水量利用系数,径流调节
水量累积曲线,径流量
水库,水量累积曲线
止水,库区防渗
水库,库岸加固
库岸加固,锚索
史记·河渠书,水利史
史记·河渠书,引河
灌溉,史记·河渠书
史记·河渠书,决口
汉书·沟洫志,水利史
元史·河渠志,水利史
海塘,元史·河渠志
水利,元史·河渠志
元史·河渠志,堵口
新元史·河渠志,水利史
新元史·河渠志,河源
海塘,新元史·河渠志
新元史·河渠志,至正河防记
明史·河渠志,水利史
水利,明史·河渠志
清史稿·河渠志,水利史
海塘,清史稿·河渠志
水经注,支流
水利,水部式
水部式,农田水利
水系,吴中水利书
吴中水利书,行洪
至正河防记,堵口
堤,至正河防记
至正河防记,挑溜
治河图略,治河方略
治河图略,决口
河防通议,水情
治水筌蹄,滞洪
洪水,治水筌蹄
治水筌蹄,防汛
治水筌蹄,河防一览
三吴水利录,下游
河防一览,抢险
河防一览,河源
河防一览,决口
水库,泰西水法
湖泊,治河方略
治河方略,决口
分洪,治河方略
治河方略,堵口
治河方略,河防述言
堤,河防述言
水利,行水金鉴
堤,行水金鉴
涵洞,行水金鉴
河流,行水金鉴
水系,行水金鉴
水利,续行水金鉴
续行水金鉴,水利史
水利,河工蠡测
河工蠡测,引河
河工蠡测,埝
河工蠡测,抢险
水利,筑圩图说
水利,山东运河备览
海塘,江南水利全书
河流,畿辅河道水利丛书
畿辅河道水利丛书,涝灾
湖泊,西域水道记
荆州万城堤志,防洪工程
圩,荆州万城堤志
荆州万城堤志,垸
水利,黄河概况及治本探讨
灌溉,黄河概况及治本探讨
芍陂,蓄水灌溉
水利,芍陂
灌溉,芍陂
金堤,史记·河渠书
金堤,水经注
六门陂,灌溉工程
灌溉,六门陂
钳卢陂,灌溉工程
灌溉,钳卢陂
堤,钳卢陂
洪泽湖大堤,决口
洪泽湖大堤,苏北灌溉总渠
水利工程,它山堰
它山堰,干渠
它山堰,引水灌溉
它山堰,上游
它山堰,退水闸
涝,它山堰
它山堰,河网
灌溉,它山堰
它山堰,下游
楚州西河闸,斗门
万春圩,圩区
水利工程,木兰陂
木兰陂,支渠
永丰圩,圩区
永丰圩,圩堤
松花坝,上游
松花坝,反调节
心墙,松花坝
松花坝,砌石护坡
松花坝,非常溢洪道
灌溉,松花坝
防洪,松花坝
荆江大堤,中游
防洪,荆江大堤
堤,海塘
海塘,范公堤
三江闸,排水闸
三江闸,闸墩
堤,三江闸
海塘,三江闸
三江闸,斗门
三江闸,水尺
三江闸,上游
灌溉,三江闸
八堡圳,灌溉工程
灌溉,八堡圳
八堡圳,石笼
灌区,八堡圳
洪水,八堡圳
八堡圳,灌溉面积
嘉南大圳,灌溉工程
嘉南大圳,灌溉面积
库容,嘉南大圳
灌区,嘉南大圳
嘉南大圳,支渠
灌溉,陕西八惠
陕西八惠,支流
吴江水则碑,水尺
洪水,吴江水则碑
水利,涪陵石鱼
水库,涪陵石鱼
水文学,水圈
水文学,水利科学
河流,水文学
水文学,湖泊
水文学,沼泽
水文学,冰川
水文学,水文实验
水文学,水文预报
水文学,水文计算
水文学,水利计算
水文学,水文化
流域,工程水文学
水利,工程水文学
工程水文学,涉水工程
工程水文学,水文计算
城市水文学,热岛效应
城市水文学,雨岛效应
城市水文学,水务管理
灌溉,农业水文学
森林水文学,水文循环
降水,森林水文学
径流,森林水文学
水文气象学,水文循环
水文学,水文气象学
降水,水文气象学
水文气象学,中长期水文预报
土壤水,地下水水文学
地下水水文学,渍
随机水文学,水文模型
随机水文学,水利计算
水文预报,随机水文学
系统水文学,系统分析
系统水文学,水文循环
流域,系统水文学
水库,系统水文学
枯水,系统水文学
同位素水文学,水面蒸发
河流,水圈
湖泊,水圈
水库,水圈
沼泽,水圈
冰川,水圈
蒸发,水文循环
雪,水文循环
径流,水文循环
水汽输送,淡水
水量平衡,水文循环
水文学,水量平衡
水资源,水量平衡
水量平衡,水文计算
热量平衡,水文循环
蒸发,热量平衡
雪,温室效应
温室效应,覆盖
蒸发,热岛效应
降水,雨岛效应
雨岛效应,热岛效应
雨岛效应,凝结核
雨岛效应,对流雨
河流,水文年度
水文资料,降水量
蒸发,水文资料
水位,水文资料
流量,水文资料
水文资料,历史洪水
水文资料,水文手册
水文资料,水文特征值
水文资料,水文图集
流域,水文年鉴
水位,水文年鉴
流量,水文年鉴
降水,水文年鉴
蒸发,水文年鉴
汛期,水文年鉴
洪水,水文年鉴
水文图集,水文特征值
降水,水文图集
蒸发,水文图集
径流,水文图集
暴雨,水文图集
洪水,水文图集
河流,水文图集
水系,水文图集
雨量,水文图集
流域,水文手册
水文手册,水文特征值
水文手册,农田水利
水利工程,水文手册
水位,水文调查
流量,水文调查
水文调查,土壤含水量
下渗,水文调查
降水,水文调查
蒸发,水文调查
流域,水文调查
水系,水文调查
水文调查,分水线
水利工程,水文调查
水文调查,水土保持
洪水,水文调查
水文调查,河源
水文调查,水土流失
径流,分水线
河流,分水线
流域,数字高程模型
数字高程模型,分水线
河流,地下径流
河流,雪
河流,河源
河流,上游
河流,中游
河流,下游
河流,干旱
干旱,内流河
蒸发,内流河
内流河,内陆湖
河流,外流河
河流,间歇河
干旱,间歇河
水系,流域
水系,支流
水系,沼泽
水系,湖泊
水库,水系
流域,河网密度
河网密度,干流
河网密度,支流
河流,河网密度
干旱,河网密度
雨量,河网密度
河床,瀑布
冰川,瀑布
河流,瀑布
水能资源,瀑布
冰川,河源
河源,雪线
湖泊,河源
上游,河源
上游,中游
中游,下游
流速,中游
中游,河槽
下游,河槽
水系,干流
流域,干流
湖泊,干流
河流,干流
枯水,河槽
河槽,洪水期
洪水,河槽
河槽,支流
深泓线,河槽
河流,深泓线
河床,深泓线
深泓线,上游
湖泊,冰川湖
湖泊,堰塞湖
湖泊,喀斯特湖
湖泊,人工湖
湖泊,咸水湖
灌溉,湖泊
湖泊,湖盆
冰川,湖盆
干旱,咸水湖
河流,内陆湖
内陆湖,咸水湖
内陆湖,淡水
径流,外流湖
外流湖,淡水湖
外流湖,淡水
外流湖,内陆湖
冰川湖,冰蚀湖
冰川湖,冰碛湖
湖泊,冰蚀湖
冰蚀湖,大陆冰川
冰碛湖,大陆冰川
湖泊,构造湖
堰塞湖,上游
内流区,内流河
流域,内流区
蒸发,内流区
内流区,内陆湖
内流区,降水量
内流区,径流量
外流区,外流河
流域,外流区
蒸发,无流区
渗漏,无流区
湖泊,湖流
水库,湖流
水库,波漾
水位,波漾
沼泽,降水量
蒸发,沼泽
湖泊,沼泽
河流,沼泽
森林沼泽,草甸沼泽
森林沼泽,泥炭沼泽
河流,森林沼泽
降水,森林沼泽
降水,泥炭沼泽
沼泽,盐沼
河流,盐沼
盐沼,渍
湿地,沮洳地
水库,沮洳地
沮洳地,下游
雪,冰川
冰川,覆盖
降水,冰川
冰川,雪线
降水,雪
蒸发,降水
降水,对流雨
降水,地形雨
降水,台风雨
雪,降水量
雨量,气旋雨
河流,气旋雨
雨量,台风雨
水利工程,台风雨
流域,对流雨
降水,雷雨
暴雨,雷雨
流域,梅雨
梅雨,下游
雨量,梅雨
涝,梅雨
暴雨,雨量
水位,水情
流速,水情
流量,水情
丰水年,径流量
中水年,径流量
枯水年,径流量
流域,汛期
暴雨,汛期
雪,汛期
汛期,伏汛
汛期,秋汛
汛期,凌汛
汛期,蓄洪
分洪,汛期
流域,春汛
春汛,解冻
春汛,上游
洪水,春汛
暴雨,春汛
水位,春汛
流域,伏汛
水位,伏汛
暴雨,秋汛
秋汛,淫雨
水位,秋汛
秋汛,伏汛
水位,涨水
流量,涨水
涨水,暴雨径流
涨水,地面径流
径流,涨水
水位,退水
流量,退水
流域,退水
退水,地面径流
径流,退水
墒情,土壤含水量
灌溉,墒情
涝,墒情
墒情,渍
墒情,农田排水
河流冰情,淌凌
河流冰情,封冻
河流冰情,解冻
河流冰情,水力发电站
水轮机,河流冰情
河流冰情,冰坝
水位,凌汛
凌汛,上游
凌汛,下游
凌汛,解冻
流量,凌汛
洪水,凌汛
凌汛,决口
冰盖,覆盖
封冻,解冻
水工建筑物,封冻
解冻,冰盖
解冻,下游
流量,文开河
文开河,河槽
文开河,封冻
文开河,冰盖
文开河,解冻
流量,武开河
武开河,封冻
武开河,冰塞
武开河,解冻
武开河,冰盖
武开河,上游
武开河,下游
水位,武开河
河流,淌凌
淌凌,冻结
淌凌,解冻
淌凌,冰盖
冰川,冰隙
冰塞,封冻
冰塞,冰盖
河流,冰塞
冰塞,上游
水位,冰塞
冰坝,上游
冰坝,解冻
冰坝,淌凌
冰坝,下游
流速,水文站
流量,水文站
降水,水文站
蒸发,水文站
水文站,水文实验
径流,水文站
水库,水文站
河床,水文站
流速,水文测验
流量,水文测验
降水,水文测验
蒸发,水文测验
水资源,水文测验
降水,水文信息
水位,水文信息
流量,水文信息
水文信息,水文测验
水文信息,遥测
水文信息,遥感
水资源,水文遥感
雪,自记雨量计
暴雨,雷达测雨
水位,水尺
水位,下游
湖泊,水尺
堤,水尺
自记水位计,遥测
湖泊,平均水位
湖泊,测深仪
水库,测深仪
流量,流速
洪水,水位流量关系
河流,水面比降
水位,水面比降
流速,水面比降
流量,水面比降
水面蒸发器,水文站
水面蒸发器,水文实验
渗漏,土壤蒸发器
降水强度,降水量
降水强度,雷雨
暴雨,降水强度
洪水,降水强度
水位,历时曲线
截留,降水量
蒸发,截留
流域,截留
径流,截留
径流,填洼
流域,填洼
洪水,填洼
下渗,压力势
下渗,重力势
下渗,土壤含水量
蒸发,雪
蒸发,水资源利用
土壤蒸发,土壤含水量
雪,土壤蒸发
土壤蒸发,蒸渗仪
土壤蒸发,水量平衡
潜水蒸发,植物散发
干旱,潜水蒸发
流域总蒸发,水面蒸发
流域总蒸发,土壤蒸发
流域总蒸发,植物散发
径流,河槽
流域,径流
径流,水情
径流,降水量
地面径流,截留
下渗,地面径流
地面径流,填洼
流域,地面径流
下渗,地下径流
流域,暴雨径流
枯水径流,地下径流
河流,枯水径流
洪水,融雪径流
暴雨,融雪径流
径流,流域产沙
流域产沙,地面径流
雨量,流域产沙
流域产沙,水土流失
水库,流域产沙
流域,河流泥沙
河流泥沙,水情
河流泥沙,输沙量
河流泥沙,下游
流量,输沙率
湖泊,水文预报
水库,水文预报
流量,水文预报
洪水,水文预报
枯水,水文预报
水文预报,防汛
水利,水文预报
水资源,水文预报
径流预报,融雪径流
径流预报,径流量
流域,洪水预报
洪水预报,下游
流量,洪水预报
水位,洪水预报
洪水预报,洪峰
洪水预报,洪水总量
径流,洪水预报
洪水预报,水文模型
水文预报,洪水预报
实时洪水预报,遥测
水文预报,实时洪水预报
防洪,概率水文预报
概率水文预报,水资源开发
地下水预报,水量平衡
水位,地下水预报
降水,地下水预报
地下水预报,潜水蒸发
地下水预报,污染源
枯水预报,枯水期
流域,枯水预报
降水,枯水预报
河流,枯水预报
枯水预报,水情
枯水预报,退水
流量,枯水预报
枯水预报,河网
流速,冰情预报
流量,冰情预报
冰情预报,河流冰情
冰情预报,封冻
冰情预报,解冻
水位,冰情预报
冰情预报,冰坝
水利工程,施工水文预报
流速,施工水文预报
截流,施工水文预报
枯水,施工水文预报
施工水文预报,龙口
施工水文预报,下游
汛期,施工水文预报
水库,施工水文预报
流域,中长期水文预报
水位,中长期水文预报
中长期水文预报,径流量
干旱,中长期水文预报
雪,流域产流
流域产流,截留
流域产流,填洼
下渗,流域产流
径流,流域产流
流域产流,降水量
流域产流,降水强度
流域产流,蓄满产流
流域产流,超渗产流
流域,蓄满产流
雪,蓄满产流
蓄满产流,田间持水量
流域,超渗产流
雪,超渗产流
下渗,超渗产流
超渗产流,下渗曲线
雨量,降雨径流关系
流域,降雨径流关系
降水,径流系数
径流系数,降水量
雪,流域汇流
水系,流域汇流
流域汇流,覆盖
流域汇流,河网
流域汇流,等流时线
流域汇流,单位线
雪,流域汇流时间
流域,单位线
流量,单位线
洪水,单位线
单位线,地面径流
流域,等流时线
洪水波,暴雨径流
河流,洪水波
水位,洪水波
流量,洪水波
流速,洪水波
洪水演算,洪水波
洪水演算,上游
流量,洪水演算
水位,洪水演算
洪水演算,下游
水文学,洪水演算
流域,新安江模型
新安江模型,新安江水电站
新安江模型,洪水预报
新安江模型,流域产流
新安江模型,蓄满产流
新安江模型,地下径流
蒸发,新安江模型
雨量,新安江模型
水库,新安江模型
水文自动测报系统,遥测
流域,水文自动测报系统
防洪,水文自动测报系统
水利,水文自动测报系统
水文计算,水资源开发
水文计算,设计年径流
防洪,水文计算
水文计算,除涝
水文计算,设计暴雨
径流,水文计算
径流,水文特征值
水文特征值,径流模数
水文特征值,径流系数
水文特征值,变差系数
水文特征值,水文统计
模比系数,径流量
水文不确定性,水文信息
水文不确定性,径流量
径流,水文不确定性
洪水,水文不确定性
水文不确定性,水资源系统
水文不确定性,系统分析
水文统计,径流量
水文学,水文统计
河流,变差系数
变差系数,降水量
径流,变差系数
暴雨,变差系数
洪水,变差系数
偏态系数,水文频率
偏态系数,水文资料
水文频率,水文统计
洪水,水文频率
水利,水文频率
水文频率,涉水工程
水库,水文频率
重现期,洪峰
设计标准,频率曲线
频率曲线,变差系数
频率曲线,偏态系数
水利工程,设计标准
设计标准,涉水工程
设计标准,水文频率
防洪,设计标准
设计标准,除涝
水工建筑物,设计标准
灌溉,设计标准
水文极值,洪峰
流量,水文极值
正常降水量,丰水年
正常降水量,枯水年
雨量,正常降水量
河流,径流量
洪水,径流量
正常径流量,丰水年
正常径流量,枯水年
正常径流量,径流模数
流域,正常径流量
灌溉,设计年径流
流域,径流模数
径流模数,径流量
径流模数,流域面积
暴雨频率,水文频率
防洪,设计暴雨
流域,设计暴雨
流量,设计暴雨
可能最大降水,降水量
水利工程,可能最大降水
水库,可能最大降水
洪水总量,洪水期
流量,洪水频率
洪水频率,洪量
洪水频率,水文频率
洪水频率,重现期
防洪,设计洪水
设计洪水,洪峰
堤,设计洪水
设计洪水,滞洪
水库,设计洪水
设计洪水,下游
雨量,设计洪水
历史洪水,洪峰
历史洪水,洪水总量
历史洪水,重现期
历史洪水,水文频率
水文学,古洪水
古洪水,洪峰
流量,古洪水
古洪水,洪水频率
可能最大洪水,可能最大降水
流量,可能最大洪水
可能最大洪水,流域面积
可能最大洪水,水库防洪
水文风险,水文不确定性
水库,洪水风险
汛期,洪水风险
水位,洪水风险
洪水风险,上游
洪水风险,泄洪
暴雨,洪水风险
水利计算,水资源系统
水利计算,径流调节
河流,水利计算
调洪演算,洪水波
水库,调洪演算
洪水,调洪演算
溢洪道,调洪演算
调洪演算,泄洪
调洪演算,水量平衡
水位,调洪演算
流量,调洪演算
世界水资源,水文循环
冰川,世界水资源
湖泊,世界水资源
沼泽,世界水资源
河流,世界水资源
世界水资源,径流量
中国水资源,淡水
径流,中国水资源
中国水资源,水资源总量
河流,中国水资源
汛期,中国水资源
冰川,淡水
湖泊,淡水
水库,淡水
淡水,地下含水层
咸水,内陆湖
咸水,地下含水层
灌溉,咸水
水资源总量,径流量
水能,水资源利用
水力发电,水资源利用
水资源,可供水量
用水定额,灌溉面积
重复利用率,供水系统
水力发电,河道内需水
河道内需水,淡水
河流,河道内需水
水位,河道内需水
流量,河道内需水
水资源供需平衡分析,水平年
水资源供需平衡分析,上游
水资源供需平衡分析,下游
流域,水资源评价
流域,水资源系统
水资源系统,水文循环
水资源系统,水资源开发
水资源系统,排水工程
流域,水资源规划
流域,基准年
基准年,水资源开发
基准年,水资源规划
流域,水平年
水平年,水资源开发
水平年,水资源规划
水平年,基准年
水闸,水资源配置
水资源配置,地下水库
水资源调度,水资源系统
汛期,水资源调度
水资源调度,蓄洪
水资源调度,涝灾
止水,水资源保护
湿地,水资源保护
水资源保护,退水
水资源保护,水土流失
水资源管理,水资源系统
水资源管理,中国水资源
水资源,资源型缺水
水资源,工程型缺水
水资源,水质型缺水
非常规水资源,咸水
湖泊,非常规水资源
水库,非常规水资源
非常规水资源,海水淡化
非常规水资源,人工降水
流域,洪水资源化
洪水资源化,水资源利用
雨水利用,水资源利用
雨水利用,水窖
水经,污水资源化
污水资源化,工业废水
地下水容许开采量,地下含水层
地下水超采,地下水容许开采量
水位,地下水超采
降水,地下水回灌
河流,地下水回灌
汛期,地下水回灌
地下水回灌,退水
地下水回灌,生活污水
地下水回灌,工业废水
水库,地下水回灌
流域,水资源承载能力
水资源,水功能区
流域,水功能区
水功能区,水环境质量标准
水功能区,水资源利用
防洪,湖泊
防洪,汛期
防洪,抢险
防洪,流域
洪水,防洪工程
水利,防洪工程
防洪工程,上游
防洪工程,蓄洪
防洪工程,下游
防洪工程,滞洪
分洪,防洪工程
防洪工程,减河
防洪工程,防洪规划
水利工程,防洪工程措施
防洪工程措施,蓄洪
防洪工程措施,滞洪
分洪,防洪工程措施
止水,防洪工程措施
洪水,防洪非工程措施
防洪非工程措施,分洪区
防洪非工程措施,行洪
防洪应急预案,塘坝
防洪应急预案,险情
防洪应急预案,抢险
水利工程,防洪应急预案
防洪应急预案,防汛
水库防洪,下游
堤,水库防洪
水库防洪,分洪工程
水库防洪,防洪非工程措施
水库防洪,防洪调度
水库防洪,滞洪
水库调洪方式,水库防洪
水库调洪方式,下游
防洪,水库调洪方式
洪水,水库调洪方式
水库调洪方式,泄洪
水库,防洪补偿调节
防洪补偿调节,下游
防洪补偿调节,防洪标准
防洪补偿调节,洪量
流量,防洪补偿调节
水库,防洪错峰调节
水利,防洪错峰调节
防洪错峰调节,泄洪量
防洪错峰调节,下游
防洪错峰调节,支流
防洪错峰调节,洪峰
防洪错峰调节,蓄洪
流域,防洪错峰调节
洪水,防洪错峰调节
流域,防洪规划
防洪规划,防洪标准
防洪规划,流域规划
洪水,防洪标准
防洪标准,洪灾
防洪标准,防洪工程
文化,防洪标准
河流,防洪标准
暴雨,水害
土壤水,水害
水害,涝灾
水害,洪灾
洪水,洪灾
渗漏,洪灾
洪灾,决口
流域,洪灾
径流,洪灾
流量,洪灾
洪灾,水土流失
河床,洪灾
洪灾,围垦
水利,洪灾
水库,洪灾
防洪,洪灾
暴雨,涝灾
涝灾,地面径流
涝灾,下游
流域,涝灾
涝灾,台风雨
水位,冰凌灾害
洪水,冰凌灾害
水利工程,冰凌灾害
冰凌灾害,冰塞
水库,冰凌灾害
冰凌灾害,解冻
冰凌灾害,上游
冰凌灾害,下游
流量,冰凌灾害
冰凌灾害,淌凌
洪水,流域
洪水,暴雨
洪水,径流
洪水,防洪
流域,洪水期
降水,洪水期
水位,洪水期
洪水期,涝灾
河流,洪水期
洪水期,径流量
洪水期,降水量
主汛期,涨水
水位,主汛期
流量,主汛期
主汛期,防汛
河流,后汛期
后汛期,梅雨
流域,后汛期
枯水,汛期
枯水,河网
枯水,湖泊
流域,枯水
干旱,枯水
降水,枯水
水位,枯水
流量,枯水
河流,枯水
流域,枯水期
河流,枯水期
湖泊,枯水位
河流,枯水位
枯水位,枯水期
枯水位,平均水位
防洪,超标准洪水
超标准洪水,防洪工程
设计标准,典型年洪水
典型年洪水,水文资料
蒸发,典型年洪水
径流,典型年洪水
流域,1954年洪水
1954年洪水,下游
1954年洪水,梅雨
1954年洪水,覆盖
1954年洪水,涝灾
1954年洪水,中游
1954年洪水,洪峰
流量,1954年洪水
1954年洪水,干流
流域,1998年洪水
1998年洪水,上游
1998年洪水,洪峰
1998年洪水,中游
1998年洪水,支流
1998年洪水,下游
1998年洪水,干堤
1998年洪水,堵口
1998年洪水,干流
“75·8”洪水,上游
暴雨,“75·8”洪水
水库,“75·8”洪水
流速,洪水风险图
洪水风险图,洪泛区
洪水风险图,防洪非工程措施
流域,洪水风险图
湖泊,洪水风险图
洪水风险图,蓄滞洪区
水库,洪水风险图
洪水风险图,洪水管理
防洪,洪水风险图
堤,防洪风险率
防洪风险率,洪水预报
洪水,防洪风险率
水位,防洪风险率
防洪风险率,设计洪水
防洪调度,水情
防洪调度,防洪工程
河流,防洪调度
防洪调度,防凌
洪水预报系统,数据库
洪水预报系统,水情
防洪决策支持系统,洪水预报
防洪决策支持系统,防洪工程
防洪决策支持系统,计算机网络
防洪决策支持系统,数据库
防洪决策支持系统,地理信息系统
防洪决策支持系统,防洪调度
防洪决策支持系统,防汛
防洪决策支持系统,抢险
河流,洪峰
洪水,洪峰
水位,洪峰
堤,洪峰
水库,洪峰
水利工程,洪峰
水库,山洪
堤,防汛
水库,防汛
水利工程,防汛
防汛,洪水预报
防汛,决口
防汛,堵口
防汛物资调配,抢险
河流,报汛
汛期,报汛
水位,报汛
流量,报汛
雨量,报汛
洪水,报汛
报汛,行洪
河流,潮汛
水位,潮汛
潮汛,洪水期
潮汛,洪灾
暴雨,潮汛
堤,潮汛
潮汛,决口
水位,台汛
防台,涝灾
河流,洪潮遭遇
洪潮遭遇,上游
降水,客水
径流,客水
客水,涝灾
汛期,防汛特征水位
湖泊,防汛特征水位
洪水,防汛特征水位
防汛特征水位,设防水位
防汛特征水位,保证水位
防汛特征水位,分洪水位
湖泊,警戒水位
警戒水位,防汛
洪水,警戒水位
警戒水位,水情
防洪,警戒水位
警戒水位,抢险
汛期,设防水位
堤,设防水位
设防水位,防汛
堤,保证水位
洪水,保证水位
河流,保证水位
保证水位,防洪调度
汛期,保证水位
汛期,分洪水位
分洪水位,下游
分洪水位,蓄滞洪区
分洪水位,防汛
分洪水位,上游
安全泄量,河槽
堤,安全泄量
安全泄量,洪峰
安全泄量,蓄洪
安全泄量,下游
水位,泄洪能力
水工建筑物,泄洪能力
堤,泄洪能力
蓄洪,洪峰
湖泊,蓄洪
蓄洪,水土保持
蓄洪,塘坝
蓄洪,河网
分洪,蓄洪
蓄洪,泄洪
水库,蓄洪
灌溉,蓄洪
分洪,上游
分洪,河槽
洪水,分洪
分洪,湖泊
分洪,洪峰
分洪,荆江大堤
河流,分洪
分洪,减河
水库,泄洪
洪水,泄洪
泄洪,行洪
流量,泄洪
溢洪道,泄洪
汛期,滞洪
滞洪,蓄洪
滞洪,下游
洪水,滞洪
湖泊,滞洪
滞洪,节制闸
分洪,滞洪
滞洪,上游
水库,滞洪
堤,行洪
行洪,圩堤
行洪,上游
水库,行洪
行洪,防洪工程
洪水,减河
引河,下游
引河,围堰
引河,减河
堤,洪泛区
洪水,洪泛区
洪泛区,下游
洪泛区,决口
堤,蓄滞洪区
湖泊,蓄滞洪区
蓄滞洪区,蓄洪
蓄滞洪区,分洪区
行洪区,河槽
行洪区,泄洪
流速,行洪区
行洪区,围垦
湖泊,分洪区
分洪区,垸
洪水,分洪区
分洪区,分洪工程
分洪区,蓄洪
分洪区,滞洪
河流,分洪工程
分洪工程,分洪闸
分洪工程,洪峰
分洪工程,下游
洪水,分洪工程
避洪工程,蓄滞洪区
分洪道,泄洪
洪水,分洪道
湖泊,分洪道
分洪道,分洪区
分洪道,下游
设计标准,分洪道
流量,分洪道
堤,防洪
堤,防潮
堤,汛期
青坎,背水坡
青坎,抢险
保庄圩,蓄滞洪区
堤,保庄圩
保庄圩,圩堤
保庄圩,撇洪沟
灌溉,保庄圩
河流,庄台
庄台,防洪工程
洪水,庄台
避洪楼,蓄洪
戗堤,汛期
戗堤,背水坡
洪水,戗堤
防洪,导堤
水利枢纽,导堤
导堤,决口
圩堤,围垦
圩堤,垸
圩堤,防汛
翼堤,支堤
河流,翼堤
洪水,翼堤
翼堤,支流
防洪,干堤
干堤,防潮
河流,支堤
支堤,支流
过水堤,上游
河床,过水堤
过水堤,下游
护坦,过水堤
过水堤,石笼
抛石,过水堤
自溃堤,泄洪
堤,戗台
土坝,戗台
戗台,散浸
戗台,脱坡
堤,迎水坡
迎水坡,埝
海塘,迎水坡
河流,迎水坡
湖泊,迎水坡
迎水坡,背水坡
堤,背水坡
背水坡,埝
海塘,背水坡
河流,背水坡
湖泊,背水坡
反滤,背水坡
水库,主坝
水利工程,主坝
水利枢纽,主坝
主坝,堵口
河流,主坝
截流,主坝
水利工程,副坝
副坝,蓄洪
副坝,主坝
副坝,堵口
钢木土石组合坝,抢险
钢木土石组合坝,决口
截流,钢木土石组合坝
钢木土石组合坝,挡水建筑物
钢木土石组合坝,堵口
钢木土石组合坝,上游
钢木土石组合坝,下游
平工,主溜
堤,平工
平工,防汛
平工,散浸
平工,脱坡
河流,险工
汛期,险工
险工,险情
险工,沉树
汛期,险情
堤,险情
水工建筑物,险情
土坝,险情
险情,散浸
险情,脱坡
险情,跌窝
险情,塌陷
险情,决口
河流,主溜
水位,主溜
堤,主溜
分溜,决口
堤,分溜
分溜,堵口
堤,挑溜
汛期,挑溜
夺溜,主溜
夺溜,决口
夺溜,下游
夺溜,堵口
堤,夺溜
巡堤查险,水情
河流,巡堤查险
巡堤查险,防汛
水位,巡堤查险
巡堤查险,警戒水位
巡堤查险,主溜
巡堤查险,险工
巡堤查险,浪窝
巡堤查险,脱坡
巡堤查险,塌陷
堤防岁修,塌陷
堤防岁修,脱坡
堤防岁修,散浸
堤防岁修,决口
汛期,堤防岁修
汛期,堤坝隐患
土坝,堤坝裂缝
堤坝裂缝,脱坡
水工建筑物,堤坝裂缝
堤坝裂缝,沉陷缝
堤,塌陷
堤,锥探
堤,漏探
堤,浪窝
汛期,浪窝
鼓泡,背水坡
堤,鼓泡
汛期,跌窝
跌窝,塌陷
堤,跌窝
管漏,散浸
堤,管漏
管漏,脱坡
堤,散浸
散浸,背水坡
反滤,散浸
汛期,脱坡
脱坡,填塘固基
渗漏,流土
土坝,流土
流土,下游
汛期,翻沙鼓水
翻沙鼓水,背水坡
堤,翻沙鼓水
反滤,翻沙鼓水
翻沙鼓水,反滤围井
决口,堵口
汛期,抢险
水工建筑物,抢险
抢险,防汛
抢险,河槽
抢险,滤水还坡
抢险,脱坡
灌浆,抢险
抢险,跌窝
水位,抢险
防凌,凌汛
炸药,防凌
爆破,防凌
堤,护坡
土坝,护坡
护坡,险工
护坡,抛石
护坡,埽工
护坡,沉排
堤,水戗
水戗,背水坡
反滤,水戗
堤,反滤
反滤,防汛
反滤,流土
截流,堵口
堤,堵口
堵口,合龙
堵口,龙口
堤,合龙
合龙,围堰
闭气,围堰
闭气,合龙
渗漏,闭气
闭气,堵口
反滤,闭气
水位,闭气
龙口,围堰
水利,龙口
截流,龙口
龙口,进占
戗堤,龙口
龙口,合龙
流速,龙口
渗漏,龙口
混合堵,立堵
混合堵,堵口
反滤围井,埝
反滤围井,脱坡
堤,抽槽回填
堤,填塘固基
汛期,填塘固基
填塘固基,散浸
汛期,滤水还坡
滤水还坡,填塘固基
堤,河道清障
河道清障,防汛
水利工程,隐蔽工程
堤基防渗,混凝土防渗墙
喷灌,堤基防渗
堤坡稳定,迎水坡
堤坡稳定,背水坡
堤,抛石
水工建筑物,抛石
抛石,险工
抛石,石笼
梢工,梢料
河流,梢工
梢工,护底
截流,梢工
梢工,堵口
抛石,沉排
河床,沉排
沉排,动强度
水利工程,梢料
梢料,秸料
水利工程,秸料
堤,秸料
秸料,埽工
石笼,堵口
水利,石笼
石笼,水土保持
堤,沉船
沉船,决口
沉船,抢险
埽工,梢料
埽工,裹头
埽工,合龙
埽工,楼厢
埽工,抢险
埽工,堵口
硬厢,软厢
硬厢,排桩
软厢,楼厢
软厢,梢料
软厢,捆厢
截流,软厢
枯水,软厢
干旱,降水
蒸发,干旱
干旱,土壤含水量
干旱,土壤温度
干旱,卡脖旱
干旱,旱情
旱情,淡水
旱情,干旱指数
蒸发,干旱指数
干旱监测,土壤含水量
干旱监测,灌溉管理
干旱监测,墒情
土壤水,干旱监测
干旱监测,遥感
干旱监测,干旱指数
涝,干旱等级
降水,干旱等级
干旱预警信号,气象干旱
蒸发,气象干旱
气象干旱,降水量
土壤水,土壤干旱
生理干旱,大气干旱
墒情监测,土壤含水量
土壤水,墒情监测
墒情监测,灌溉管理
墒情监测,水资源管理
墒情监测,灌水定额
灌溉,墒情监测
墒情监测,张力计
墒情预报,土壤含水量
墒情预报,水文信息
土壤水,墒情预报
墒情预报,水量平衡
墒情预报,旱情
灌溉,墒情预报
湿润指数,干旱指数
降水,湿润指数
蒸发,湿润指数
径流,湿润指数
蒸发,抗旱保墒
抗旱保墒,覆盖
干旱,抗旱保墒
灌溉,抗旱保墒
抗旱保墒,旱地农业
抗旱保墒,墒情
干旱,抗旱天数
灌溉,抗旱天数
抗旱天数,灌溉工程
设计标准,抗旱天数
抗旱天数,小型灌区
干旱,抗旱措施
干旱,抗旱预案
抗旱预案,干旱等级
水库,抗旱应急水源
旱地农业,节水灌溉
干旱,旱地农业
灌溉,坐水种
干旱,坐水种
坐水种,地面灌溉
坐水种,墒情
干旱,集雨工程
降水,集雨工程
集雨工程,节水灌溉
集雨工程,涝池
集雨工程,塘坝
集雨工程,滴灌
喷灌,集雨工程
集雨工程,微喷灌
土壤水,抗旱保水剂
抗旱保水剂,覆盖
水能,土壤保水剂
干旱,土壤保水剂
灌溉,农田水利
涝,农田水利
农田水利,渍
农田水利,水土流失
干旱,农村水利
农村水利,涝灾
防洪,农村水利
农村水利,除涝
灌溉,农村水利
水资源,农村水利
涝,农田水利基本建设
高标准农田建设,土壤改良
灌溉,高标准农田建设
土壤孔隙,土壤通气性
土壤孔隙,通气孔
土壤孔隙,毛管水
土壤空气,土壤孔隙
土壤水,土壤空气
土壤通气性,通气孔
雪,土壤温度
土壤温度,覆盖
土壤水,土壤温度
土壤水,吸湿水
土壤水,薄膜水
土壤水,毛管水
土壤水,重力水
土壤水,降水
蒸发,土壤水
水文学,土壤水
土壤水,下渗
径流,土壤水
土壤水,土壤含水量
土壤含水量,灌水定额
土壤含水量,水量平衡
吸湿水,吸附
薄膜水,吸湿水
薄膜水,吸附
结合水,薄膜水
毛管水强烈上升高度,返盐
毛管水强烈上升高度,矿化度
下渗,重力水
重力水,土壤孔隙
灌溉,重力水
重力水,渍
气态水,土壤孔隙
蒸发,气态水
气态水,土壤蒸发
土壤水,气态水
土壤水分常数,土壤含水量
土壤水分常数,吸湿系数
土壤水分常数,凋萎系数
土壤水分常数,毛管破裂含水量
土壤水分常数,田间持水量
土壤水分常数,饱和含水量
土壤水分常数,土壤水吸力
吸湿系数,吸湿水
吸湿系数,吸附
土壤水,凋萎系数
蒸发,凋萎系数
凋萎系数,土壤含水量
凋萎系数,土壤水吸力
灌溉,凋萎系数
最大分子持水量,土壤含水量
最大分子持水量,土壤水分常数
最大分子持水量,吸湿水
最大分子持水量,薄膜水
蒸发,毛管破裂含水量
毛管破裂含水量,毛管水
毛管破裂含水量,土壤含水量
毛管破裂含水量,田间持水量
灌溉,田间持水量
田间持水量,土壤剖面
田间持水量,吸湿水
田间持水量,薄膜水
田间持水量,水文计算
土壤有效水分,凋萎系数
土壤有效水分,土壤水吸力
灌溉,土壤有效水分
饱和含水量,土壤含水量
土水势,土壤孔隙
土水势,吸附
土水势,重力势
土水势,溶质势
土壤水,土水势
土水势,土壤水分运动
基模势,土壤孔隙
基模势,吸附
土壤水,溶质势
压力势,基模势
土壤水,重力势
土壤水吸力,土壤孔隙
土壤水分运动,土壤蒸发
灌溉,下渗率
水力传导度,土水势
水力传导度,土壤含水量
土壤水,扩散度
流量,扩散度
土壤水分特征曲线,土壤含水量
土壤水分特征曲线,土壤水分滞后现象
土壤水分滞后现象,基模势
土壤水再分布,湿润锋
下渗,湿润锋
γ射线测水仪,土壤剖面
土壤水,时域反射仪
土壤水,电导率仪
土壤水,土壤三参数仪
土壤三参数仪,墒情
蒸发,给水度
给水度,地下排水
潜水蒸发强度,地下排水
水系,蒸渗仪
蒸渗仪,水量平衡
作物灌水指标,灌水定额
土壤水,作物灌水指标
作物灌水指标,矿化度
土壤水,作物水分亏缺
干旱,作物水分胁迫
作物水分胁迫,渍
干旱,作物需水规律
灌浆,需水临界期
蒸发,作物需水量
灌区,作物需水量
蒸发蒸腾率,土壤温度
土壤水,蒸发蒸腾率
土壤水,潜在蒸发蒸腾量
潜在蒸发蒸腾量,覆盖
土壤水,参考作物需水量
土壤水,作物系数
需水系数,作物需水量
需水系数,水面蒸发
作物田间耗水量,作物需水量
渗漏,作物田间耗水量
作物田间耗水量,节水灌溉
灌区,作物田间耗水量
灌溉,河流
灌溉,喷灌
灌溉,滴灌
灌溉,放淤
灌溉制度,灌水定额
灌溉制度,灌溉定额
水利,灌溉制度
灌溉制度,水量平衡
灌溉,灌水定额
灌水定额,毛渠
灌区,灌水定额
灌溉定额,泡田
灌溉定额,毛渠
灌区,灌溉定额
土壤水,计划湿润层
计划湿润层,矿化度
截流,有效降雨量
蒸发,有效降雨量
下渗,有效降雨量
有效降雨量,填洼
灌溉,有效降雨量
有效降雨量,计划湿润层
有效降雨量,地面径流
有效降雨量,深层渗漏量
有效降雨量,覆盖
有效降雨量,土壤含水量
灌溉,作物地下水补给量
作物地下水补给量,需水强度
作物地下水补给量,计划湿润层
作物地下水补给量,作物需水量
灌溉,深层渗漏量
降水,深层渗漏量
深层渗漏量,灌溉用水量
深层渗漏量,土壤含水量
深层渗漏量,灌水技术
渗漏,水田渗透量
水田渗透量,淹灌
灌区,灌水模数
灌溉,灌水模数
流量,灌水模数
灌水模数,灌水定额
灌区,灌水模数图
灌水模数图,灌水延续时间
设计流量,灌水模数图
灌区,灌水延续时间
灌水延续时间,灌水模数
设计流量,灌水延续时间
灌溉,灌水周期
土壤水,灌水周期
灌水周期,轮灌
灌区,灌溉用水量
灌溉用水量,灌水定额
水库,灌溉用水量
库容,灌溉用水量
灌区,灌溉用水过程线
灌溉用水过程线,径流调节
灌溉用水过程线,水库调度
干旱,灌溉用水过程线
干旱,储水灌溉
河流,储水灌溉
储水灌溉,灌溉制度
储水灌溉,碱化
干旱,播前灌溉
土壤水,播前灌溉
灌溉,冬灌
冬灌,蓄水灌溉
冬灌,碱化
冬灌,洗盐
冬灌,墒情
节水灌溉,渠道防渗
节水灌溉,灌水技术
节水灌溉,滴灌
水利,节水灌溉
干旱,非充分灌溉
灌区,非充分灌溉
调亏灌溉,作物水分亏缺
土壤水,调亏灌溉
干旱,分根交替灌溉
蒸发,分根交替灌溉
分根交替灌溉,灌溉用水量
控制灌溉,节水灌溉
土壤水,控制灌溉
水资源,精准灌溉
精准灌溉,遥感
精准灌溉,自动控制
精准灌溉,作物水分亏缺
自流灌溉,上游
提水灌溉,压力管道
灌区,提水灌溉
泵站,提水灌溉
提水灌溉,自流灌溉
灌溉,灌区
灌区,灌溉面积
灌区,灌溉水源
灌区,井灌
灌区,井渠结合
灌溉面积,灌溉工程
灌溉面积,田间工程
灌溉设计标准,灌溉工程
水库,灌溉设计标准
灌区,灌溉设计标准
河流,灌溉临界期
水位,灌溉临界期
灌溉临界期,渠首工程
灌溉临界期,水利计算
河流,灌溉水源
湖泊,灌溉水源
灌溉水源,地面径流
水库,灌溉水源
灌溉水源,矿化度
灌溉水源,工业废水
灌溉水源,灌溉水质
汛期,浑水灌溉
河流,浑水灌溉
浑水灌溉,抗旱保墒
浑水灌溉,下游
下渗,放淤
堤,放淤
放淤,格田
暴雨,放淤
洪水,放淤
沼泽,放淤
分洪,放淤
放淤,滞洪
劣质水灌溉,灌溉水质
劣质水灌溉,微咸水灌溉
污水灌溉,灌溉水质
微咸水灌溉,淡水
土壤水,微咸水灌溉
微咸水灌溉,水盐运动
肥水灌溉,矿化度
肥水灌溉,碱化
流速,磁化水灌溉
磁化水灌溉,电导率
磁化水灌溉,洗盐
磁化水灌溉,脱盐
灌溉回归水,退水
渗漏,灌溉回归水
灌溉水质,生活污水
水库,灌溉水温
河流,灌溉工程
湖泊,灌溉工程
灌溉工程,塘坝
水库,灌溉工程
灌溉工程,取水建筑物
河流,蓄水灌溉
径流,蓄水灌溉
塘坝,水土保持
流量,引水灌溉
灌区,引水灌溉
河流,引水灌溉
引水灌溉,自流灌溉
水位,引水灌溉
洪水,引水灌溉
灌溉输水,干渠
灌溉输水,支渠
灌溉输水,斗渠
轮灌,斗渠
轮灌,农渠
轮灌,支渠
续灌,支渠
流量,灌溉渠道
灌溉渠道,干渠
灌溉渠道,支渠
灌溉渠道,斗渠
灌溉渠道,农渠
灌溉渠道,输水沟
灌溉渠道,灌水沟
灌溉,干渠
灌溉,支渠
支渠,斗渠
灌区,支渠
支渠,中型灌区
灌区,斗渠
斗渠,中型灌区
斗渠,控制灌溉
斗门,斗渠
灌区,农渠
毛渠,灌水沟
毛渠,格田
灌溉,输水沟
泄水渠,进水闸
泄水渠,下游
渡槽,泄水渠
泄水渠,倒虹吸
泄水渠,上游
河流,长藤结瓜式灌溉系统
水库,长藤结瓜式灌溉系统
灌区,长藤结瓜式灌溉系统
长藤结瓜式灌溉系统,塘坝
长藤结瓜式灌溉系统,干渠
流量,长藤结瓜式灌溉系统
蒸发,渠道输水损失
流量,渠道输水损失
渠道防渗,渠系水利用系数
渠道防渗,人工淤填
衬砌,渠道防渗
灌区,渠道防渗
渠道防渗,碱化
试渠,大型灌区
试渠,小型灌区
管道灌溉系统,压力管道
喷头,管道灌溉系统
管道灌溉系统,滴头
管道灌溉系统,给水栓
设计流量,管道灌溉系统
灌溉,地下渠道
地下渠道,提水灌区
水泵,地下渠道
给水栓,压力管道
灌溉,给水栓
给水栓,闸阀
田间工程,毛渠
田间工程,灌水沟
灌溉,田间工程
条田,农渠
条田,农沟
条田,除涝
林带,防护林
渗漏,灌水技术
灌溉,灌水技术
地面灌溉,畦灌
地面灌溉,沟灌
地面灌溉,淹灌
地面灌溉,漫灌
地面灌溉,水平畦灌
灌溉,畦灌
渗漏,畦灌
畦灌,自流灌区
灌溉,膜上灌
膜上灌,覆盖
膜上灌,节水灌溉
土壤水,膜上灌
干旱,膜上灌
封水,畦灌
封水,灌水定额
灌溉,水平畦灌
渗漏,水平畦灌
涌流灌溉,灌水沟
涌流灌溉,沟灌
灌溉,漫灌
堤,漫灌
漫灌,畦灌
淹灌,农渠
湿润灌溉,田间持水量
涝,湿润灌溉
湿润灌溉,冷浸田
湿润灌溉,灌溉水温
水利,水浆管理
喷灌,喷头
喷灌,地面灌溉
灌溉,微灌
微灌,滴灌带
微灌,微喷灌
流量,微灌
流量,微喷灌
微喷灌,滴灌
喷灌系统,水泵
喷头,喷灌系统
喷灌系统,喷灌机组
喷头,脉冲喷灌
流量,脉冲喷灌
脉冲喷灌,自动控制
脉冲喷灌,喷灌强度
喷头,喷灌强度
灌溉,喷洒水利用系数
蒸发,喷洒水利用系数
喷灌系统,喷洒水利用系数
喷灌,漂移损失
蒸发,漂移损失
喷头,喷灌均匀度
喷头,雾化程度
喷灌,雾化程度
蒸发,雾化程度
灌水器,微灌
灌水器,滴灌
灌水器,微喷头
流量,喷头基本参数
喷头基本参数,压力计
喷头基本参数,喷灌强度
灌溉,喷头
流量,低压喷头
低压喷头,自压喷灌
喷灌,低压喷头
流量,中压喷头
流量,高压喷头
射流式喷头,高压喷头
射流式喷头,喷灌强度
喷灌,摇臂式喷头
叶轮式喷头,喷灌机组
散水式喷头,折射式喷头
散水式喷头,缝隙式喷头
散水式喷头,离心式喷头
散水式喷头,自压喷灌
喷灌,散水式喷头
离心式喷头,蜗壳
喷灌,地埋式喷头
灌溉,自压喷灌
灌区,自压喷灌
灌溉,恒压喷灌系统
水位,恒压喷灌系统
水锤,恒压喷灌系统
固定式喷灌系统,轮灌
半固定式喷灌系统,给水栓
喷头,移动式喷灌系统
灌溉,移动式喷灌系统
双臂式喷灌机,喷灌机组
中心支轴式喷灌机,喷灌均匀度
灌溉,平移自走式喷灌机
喷头,绞盘式喷灌机
绞盘式喷灌机,喷灌强度
绞盘式喷灌机,喷灌均匀度
微喷头,滴头
微喷头,微喷灌
土壤水,微喷头
灌溉,微喷头
流量,喷灌带
滴灌,滴头
干旱,滴灌
滴灌,扬程
灌区,滴灌
滴灌,井灌
渗漏,滴灌
膜下滴灌,节水灌溉
土壤水,膜下滴灌
干旱,膜下滴灌
滴灌带,滴头
滴头,灌水器
长流道滴头,调节流量
灌溉,微孔毛管
微孔毛管,滴灌
土壤湿润比,计划湿润层
土壤湿润比,滴灌
设计标准,土壤湿润比
土壤湿润比,滴头
干旱,土壤湿润比
灌溉,井灌
灌溉,井渠结合
井渠结合,毛渠
井渠结合,支渠
渗漏,井渠结合
干旱,井渠结合
涝,井渠结合
井灌井排,矿化度
井灌井排,次生盐渍化
涝,井灌井排
河床,大口井
管井,滤水管
筒管井,筒井
水泵,真空井
灌溉,井群
干旱,坎儿井
蒸发,坎儿井
辐射井,筒井
河床,辐射井
锅锥,绞车
水平钻机,绞车
水泵,水平钻机
降水,土壤水库
灌溉,土壤水库
灌溉,牧区供水
牧区供水,灌溉水质
牧区供水,灌水定额
牧区供水,引水建筑物
灌区,灌溉管理
水资源,灌溉管理
灌溉,灌区计划用水
灌区计划用水,灌溉用水量
灌区计划用水,水量平衡
灌区,灌溉预报
河流,量水槽
流量,量水喷嘴
量水喷嘴,下游
水位,量水喷嘴
田间水利用系数,田间工程
田间水利用系数,灌水技术
流量,渠道水利用系数
渠系水利用系数,农渠
灌溉水利用系数,计划湿润层
灌区,灌溉水利用系数
灌溉水利用系数,灌水技术
作物水分生产率,蒸发蒸腾量
排水工程,生活污水
洪水,自流排水
自流排水,落差
洪水,提水排水
水位,提水排水
提水排水,圩区
提水排水,排水工程
农田排水,除涝
农田排水,排水工程
农田排水,明沟排水
农田排水,暗管排水
水位,农田排水
农田排水,提水排水
控制排水,农田排水
水位,控制排水
径流,涝
涝,暴雨
洪水,涝
土壤水,渍
冷浸田,渍
除涝,容泄区
灌溉,除涝
除涝,洪峰
除涝设计标准,重现期
除涝设计标准,暴雨径流
排涝模数,设计暴雨
暴雨,排涝模数
排涝模数,河网密度
暴雨,排水临界期
雨量,排水临界期
作物耐淹水深,除涝
暴雨,作物耐淹历时
作物耐淹历时,除涝
地下水适宜埋深,农田排水
地下水适宜埋深,碱化
地下水适宜埋深,地下水临界深度
除涝排水系统,渍
除涝排水系统,输水沟
除涝排水系统,截流沟
除涝排水系统,圩区
灌溉,除涝排水系统
除涝排水系统,碱化
除涝排水系统,洗盐
除涝排水系统,竖井排水
土壤水,明沟排水
浅明沟,腰沟
涝,浅明沟
浅明沟,渍
灌溉,毛沟
毛沟,毛渠
腰沟,墒沟
墒沟,降水强度
土壤水,墒沟
墒沟,毛沟
农沟,明沟排水
农沟,田间工程
农沟,输水沟
灌溉,农沟
农沟,农渠
河流,容泄区
水库,容泄区
径流,截流沟
水库,截渗沟
截渗沟,圩堤
截渗沟,冷浸田
截渗沟,渍
截渗沟,碱化
护坡,撇洪沟
洪水,撇洪沟
撇洪沟,下游
等高截流,塘坝
止水,等高截流
等高截流,山洪
等高截流,下游
水利,等高截流
沟洫,农田排水
灌溉,沟洫
沟洫畦田,除涝
涝,沟洫畦田
沟洫条田,除涝
沟洫条田,田间工程
灌溉,沟洫条田
沟洫台田,除涝
沟洫台田,下游
水位,沟洫台田
沟洫台田,碱化
沟洫台田,条田
水利枢纽,抬田
抬田,田间工程
暗管排水,鼠道排水
蒸发,暗沟排水
土壤水,暗沟排水
暗管排水系统,农田排水
挖沟铺管机,无沟铺管机
排水管清洗机,柱塞泵
鼠道排水,鼠道犁
堤,减压井
减压井,下游
沉沙井,灌溉渠道
跌水井,灌溉渠道
竖井排水,浅明沟
排水分区,自流排水
排水分区,排水工程
圩区,下游
圩区,中游
河流,圩区
圩区,枯水位
汛期,圩区
防洪,圩区
圩区,圩堤
泵站,圩区
灌溉,圩区
灌排分开,除涝
灌排分开,洗盐
圩,分级分片控制
分级分片控制,河网
水位,分级分片控制
分级分片控制,节制闸
分级分片控制,上游
分级分片控制,除涝
灌溉,分级分片控制
河网,下游
涝,河网
梯级控制,河网
梯级控制,除涝
梯级控制,下游
干旱,梯级控制
梯级控制,涝灾
分洪,蓄洪垦殖
河流,蓄洪垦殖
蓄洪垦殖,下游
蓄洪垦殖,中游
水利,围垦
围垦,蓄洪
盐碱地改良,盐土
盐碱地改良,碱土
盐碱地改良,盐渍化
水利,盐碱地改良
盐碱地改良,放淤
盐碱土,电导率
盐碱土,碱化
干旱,盐碱土
水利,盐碱土
干旱,盐土
盐土,盐渍化
碱土,吸附
碱土,土壤通气性
碱土,碱化
灌溉,碱土
干旱,盐渍化
蒸发,盐渍化
盐渍化,矿化度
碱化,吸附
碱化,脱盐
蒸发,碱化
次生盐渍化,节水灌溉
干旱,地下水临界深度
地下水临界深度,盐渍化
地下水临界深度,毛管水强烈上升高度
土壤水,水盐运动
灌溉,水盐运动
蒸发,水盐运动
灌溉,返盐
返盐,漫灌
水利,土壤改良
灌溉,土壤改良
土壤改良,洗盐
土壤改良,放淤
护坡,土壤改良
洗盐,淡水
洗盐,引水灌溉
洗盐,放淤
压盐,次生盐渍化
干旱,压盐
蒸发,压盐
土壤水,压盐
水利,脱盐
降水,抽咸补淡
抽咸补淡,竖井排水
抽咸补淡,明沟排水
涝,抽咸补淡
抽咸补淡,渍
抽咸补淡,碱化
蓄淡养青,河槽
蓄淡养青,洗盐
灌溉,蓄淡养青
翻淤,盐碱土
翻淤,土壤剖面
干旱,盖砂
盖砂,覆盖
水土保持,下游
河床,水土保持
止水,小流域治理
小流域治理,水土流失
水土流失,覆盖
干旱,风蚀
水蚀,水土流失
沟蚀,水土流失
沟壑密度,中游
水平埝地,水土保持
灌溉,水平埝地
沟头防护,上游
沟头防护,水土保持
水簸箕,泄洪
堤,水簸箕
蓄水保土耕作,梯田
土壤水,蓄水保土耕作
蓄水保土耕作,覆盖
蓄水保土耕作,铺盖
涝池,水土保持
灌溉,涝池
干旱,水窖
雪,水窖
水窖,矿化度
径流,水窖
水利,水窖
止水,水窖
心墙,淤地坝
拱坝,淤地坝
淤地坝,水土保持
淤地坝,上游
谷坊,上游
等高沟埂,水土保持
降水,等高沟埂
截流,鱼鳞坑
堤,鱼鳞坑
鱼鳞坑,设计暴雨
水平沟,水土保持
雨量,水平沟
引水拉沙,风蚀
引水拉沙,上游
引水拉沙,下游
引水拉沙,土壤改良
河流,防护林
堤,防护林
防护林,水土保持
灌溉,水车
水车,宋史·河渠志
斗式水车,管链水车
止水,管链水车
管链水车,井灌
水泵,管链水车
筒车,水轮泵
辘轳,绞车
堤,辘轳
水车,风车
水工建筑物,泵站
泵站,闸阀
泵站,泵房
灌溉,泵站
泵站,水轮泵
泵站,跨流域调水
灌溉,机电排灌
机电排灌,自流灌溉
泵房,泵船
泵房,泵车
水位,泵房
泵房,枢纽布置
水泵,泵船
河床,泵船
水库,泵船
泵船,绞车
水位,泵船
河流,泵船
泵车,绞车
水位,泵车
水库,泵车
泵车,泵船
河流,泵车
泵站前池,泵站进水池
水泵,泵站前池
泵站进水池,泵房
泵站进水池,蜗壳
水泵,泵站进水池
流速,泵站进水池
泵站进水池,轴流泵
河流,泵站进水池
灌溉,泵站出水池
泵站出水池,干渠
泵站出水池,容泄区
水泵进水流道,泵房
水泵出水流道,混凝土浇筑
水泵出水流道,拍门
闸门,水泵出水流道
水位,水泵出水流道
水泵出水流道,泵房
水泵出水流道,扬程
水位,真空破坏阀
大型灌区,水利普查
水利,大型灌区
中型灌区,水利普查
中型灌区,灌溉面积
小型灌区,水利普查
小型灌区,灌溉面积
特大型灌区,都江堰灌区
特大型灌区,淠史杭灌区
灌溉,自流灌区
水经,自流灌区
自流灌区,自流灌溉
自流灌区,上游
灌溉,水库灌区
提水灌区,压力管道
泵站,提水灌区
提水灌区,自流灌溉
分洪,都江堰灌区
流量,都江堰灌区
都江堰灌区,灌溉面积
都江堰灌区,干渠
都江堰灌区,斗渠
衬砌,都江堰灌区
水库,都江堰灌区
库容,都江堰灌区
水利,都江堰灌区
灌溉,泾惠渠灌区
泾惠渠灌区,灌溉面积
水利,泾惠渠灌区
泾惠渠灌区,干渠
泾惠渠灌区,支渠
灌溉,洛惠渠灌区
水利,洛惠渠灌区
洛惠渠灌区,灌溉面积
洛惠渠灌区,径流量
洛惠渠灌区,支渠
衬砌,洛惠渠灌区
水利,宝鸡峡引渭灌区
宝鸡峡引渭灌区,干渠
宝鸡峡引渭灌区,灌溉面积
灌溉,宝鸡峡引渭灌区
水库,宝鸡峡引渭灌区
库容,宝鸡峡引渭灌区
宝鸡峡引渭灌区,支渠
宝鸡峡引渭灌区,斗渠
景泰川提灌工程,扬程
景泰川提灌工程,灌溉工程
景泰川提灌工程,灌溉面积
流量,景泰川提灌工程
灌溉,景泰川提灌工程
景泰川提灌工程,支渠
景泰川提灌工程,干渠
内蒙河套灌区,灌溉面积
河流,内蒙河套灌区
灌溉,内蒙河套灌区
内蒙河套灌区,排水工程
水利,内蒙河套灌区
内蒙河套灌区,支渠
内蒙河套灌区,毛渠
内蒙河套灌区,毛沟
红旗渠,灌溉工程
红旗渠,干渠
红旗渠,支渠
渡槽,红旗渠
水库,红旗渠
红旗渠,塘坝
红旗渠,有效库容
灌区,红旗渠
分洪,苏北灌溉总渠
苏北灌溉总渠,进水闸
水闸,苏北灌溉总渠
涵洞,苏北灌溉总渠
苏北灌溉总渠,行洪
汛期,苏北灌溉总渠
淠史杭灌区,灌溉面积
淠史杭灌区,灌溉工程
淠史杭灌区,干渠
淠史杭灌区,支渠
干旱,淠史杭灌区
安丰塘水库,平原水库
安丰塘水库,灌溉面积
安丰塘水库,干渠
灌区,安丰塘水库
安丰塘水库,反调节
堤,安丰塘水库
库容,安丰塘水库
安丰塘水库,有效库容
涵洞,安丰塘水库
灌区,人民胜利渠
流量,人民胜利渠
人民胜利渠,干渠
人民胜利渠,沉沙池
人民胜利渠,井渠结合
韶山灌区,支流
韶山灌区,自流灌溉
韶山灌区,防洪库容
韶山灌区,兴利库容
灌溉,韶山灌区
防洪,韶山灌区
水库,韶山灌区
重力坝,韶山灌区
韶山灌区,进水闸
韶山灌区,支渠
渡槽,韶山灌区
干旱,尼罗河灌区
尼罗河灌区,降水量
尼罗河灌区,引水灌溉
尼罗河灌区,可供水量
尼罗河灌区,畦灌
尼罗河灌区,灌溉定额
尼罗河灌区,暗管排水
印度河灌区,支流
印度河灌区,引水灌溉
印度河灌区,下游
降水,印度河灌区
印度河灌区,降水量
雪,印度河灌区
印度河灌区,干流
河流,印度河灌区
流量,印度河灌区
印度河灌区,盐渍化
印度河灌区,土壤改良
灌溉农业,提水灌溉
灌溉农业,都江堰灌区
灌区,灌溉农业
灌溉农业,芍陂
圩,灌溉农业
灌溉农业,垸
灌溉农业,河网
水库,灌溉农业
灌溉农业,农田水利
灌溉农业,灌溉面积
灌溉农业,淠史杭灌区
灌溉农业,宝鸡峡引渭灌区
灌溉农业,人民胜利渠
灌溉农业,韶山灌区
灌溉农业,灌水技术
灌溉农业,地面灌溉
灌溉农业,畦灌
灌溉农业,淹灌
喷灌,灌溉农业
灌溉农业,滴灌
灌溉农业,地下灌溉
防洪,城市水务
水资源,城市水务
城市水务,涉水工程
城市防洪,城市水务
城市水务,水资源利用
防洪,水务一体化
水务一体化,涝灾
城市水文效应,河网
下渗,城市水文效应
城市水文效应,地表径流系数
径流,城市水文效应
城市水文效应,洪峰
流量,城市水文效应
水域,水面率
水位,水面率
水面率,平均水位
水面率,水安全
水资源,水面率
水域,河道蓝线
水工建筑物,河道蓝线
防洪,涉水工程
灌溉,涉水工程
水资源,涉水工程
流域,涉水工程
流量,最佳水力半径
灌溉,最佳水力半径
湿地,最佳水力半径
水域占补平衡,水面率
径流,低影响开发
下渗,低影响开发
低影响开发,雨水利用
低影响开发,渗透沟渠
退田还河,围垦
河流,退田还河
城市水文模型,排水工程
城市水文模型,防洪工程
城市水文模型,河网
城市水文模型,设计暴雨
暴雨,城市水文模型
水位,城市水文模型
流量,城市水文模型
流速,城市水文模型
汛期,平原河网感潮区
平原河网感潮区,上游
洪水,平原河网感潮区
暴雨,平原河网感潮区
涝,平原河网感潮区
平原河网感潮区,涝灾
平原河网感潮区,水安全
水资源,平原河网感潮区
洪水,防洪风险管理
联网供水,供水系统
干旱,联网供水
干旱,应急水源地
水库,城市防洪
城市防洪,泄洪
暴雨,城市防洪
洪水,城市防洪
城市内涝,降水历时
设计标准,城市内涝
城市内涝,排水工程
城市防洪体系,泄洪
分洪,城市防洪体系
水库,城市防洪体系
城市防洪体系,行洪
城市治涝体系,城市内涝
城市治涝体系,排水工程
城市治涝体系,流域面积
城市治涝体系,重现期
城市治涝体系,深隧
暴雨,城市治涝体系
城市治涝体系,涝灾
城市防洪标准,重现期
城市排水小系统,流域面积
城市排水小系统,设计暴雨
城市排水小系统,重现期
城市治涝大系统,深隧
暴雨,城市治涝大系统
堤,城市防洪圈
城市防洪圈,防洪墙
流域,城市防洪圈
城市防洪圈,防洪工程
防洪墙,挡水建筑物
堤,防洪墙
排涝泵站,滞洪
设计标准,排涝泵站
流量,排涝泵站
暴雨,排涝泵站
水位,排涝泵站
汛期,地下贮留池
暴雨,地下贮留池
径流,深隧
深隧,暴雨径流
水系,深隧
深隧,城市内涝
湿地,雨水花园
雨水花园,截留
水污染物,雨水花园
径流,雨水花园
植物浅沟,地表排水
下渗,植物浅沟
截流,植物浅沟
涝,下沉式广场
下沉式广场,设计暴雨
下沉式广场,重现期
截流,下凹式绿地
流量,下凹式绿地
下渗,下凹式绿地
下凹式绿地,截留
下凹式绿地,雨水利用
绿色屋顶,覆盖
绿色屋顶,暴雨径流
下渗,透水铺面
下渗,等高绿地
综合径流系数,地表径流系数
设计流量,综合径流系数
地表径流系数,流域面积
地表径流系数,降水量
下渗,地表径流系数
地表径流系数,城市内涝
下渗曲线,霍顿下渗公式
洪峰模数,流域面积
流域,洪峰模数
流域,洪水利用
水系,洪水利用
暴雨,洪水利用
洪水利用,蓄洪
汛期,洪水利用
洪水利用,干流
湿地,洪水利用
流域,短历时暴雨
短历时暴雨,设计洪水
雨量,短历时暴雨
设计流量,短历时暴雨
雨量,城市暴雨公式
城市暴雨公式,重现期
暴雨,芝加哥雨型
芝加哥雨型,设计暴雨
地面集水时间,流域面积
地面集水时间,覆盖
地面集水时间,设计暴雨
湖泊,受纳水体
水库,受纳水体
沼泽,受纳水体
凝结核,降水量
雨量,凝结核
初期雨水,吸附
亲水平台,人水和谐
水域,亲水空间
清水通道,河网
河流,景观河道
景观河道,人水和谐
枯水,复式断面
复式断面,洪水期
水位,复式断面
洪水,复式断面
水资源,节水减排
节水减排,水质型缺水
节水减排,水资源利用
循环用水,工业废水
源头消减,雨水花园
湿地,源头消减
源头消减,植物浅沟
源头消减,下凹式绿地
源头消减,透水铺面
源头消减,渗透沟渠
涝,源头消减
分流制排水系统,工业废水
截流,分流制排水系统
分流制排水系统,初期雨水
合流制排水系统,生活污水
截流,合流制排水系统
流量,合流制排水系统
泵站,合流制排水系统
合流制排水系统,受纳水体
落差,河源
河流,落差
落差,下游
水能,落差
水力发电,落差
水能利用,水电站引水建筑物
水资源,水能利用
灌溉,水力发电
河流,水能资源理论蕴藏量
水能资源理论蕴藏量,径流量
水能资源理论蕴藏量,落差
水能资源理论蕴藏量,可再生能源
河流,水能资源技术可开发量
水库,水能资源经济可开发量
水能资源经济可开发量,梯级水电站
河流,十三大水电基地
十三大水电基地,上游
十三大水电基地,干流
十三大水电基地,中游
西电东送,支流
西电东送,上游
水力发电站,挡水建筑物
水力发电站,泄水建筑物
水力发电站,引水建筑物
水力发电站,潮汐电站
抽水蓄能电站,水力发电站
水力发电站,日调节水电站
水力发电站,无调节水电站
水力发电站,引水式水电站
水力发电站,混合式水电站
水力发电站,坝后式水电站
水力发电站,河床式水电站
水利工程,水力发电站
水力发电站,新安江水电站
水利枢纽,水力发电站
水力发电站,官厅水库
水力发电站,丹江口水利枢纽
水力发电站,水电站引水建筑物
变压器,水力发电站
水电站开发方式,落差
径流,水电站开发方式
水电站开发方式,潮汐电站
水位,坝式水电站
坝式水电站,落差
坝式水电站,上游
流量,坝式水电站
河床,坝式水电站
坝后式水电站,下游
坝后式水电站,上游
河床式水电站,挡水建筑物
河床式水电站,上游
河床式水电站,水电站厂房
引水式水电站,水电站厂房
堤,引水式水电站
引水式水电站,径流调节
引水式水电站,压力前池
混合式水电站,上游
混合式水电站,下游
径流式水电站,水电站装机容量
流量,径流式水电站
径流式水电站,电力系统负荷
径流式水电站,洪水期
水能资源,径流式水电站
水库,蓄水式水电站
径流,蓄水式水电站
蓄水式水电站,多年调节
流量,蓄水式水电站
蓄水式水电站,电力系统负荷
水能资源,蓄水式水电站
蓄水式水电站,电力系统
蓄水式水电站,挡水建筑物
水库,工程特征值
水位,工程特征值
库容,工程特征值
工程特征值,泄洪
工程特征值,下游
工程特征值,引水建筑物
流量,工程特征值
水轮机,工程特征值
库容系数,兴利库容
库容系数,径流量
水库,库容系数
径流,库容系数
库容系数,变差系数
库容系数,日调节
径流,水电站调节性能
水电站调节性能,库容系数
水电站调节性能,电力系统
多年调节水电站,蓄水式水电站
多年调节水电站,库容系数
多年调节水电站,丰水年
水库,多年调节水电站
多年调节水电站,枯水年
径流,多年调节水电站
多年调节水电站,丰满水电站
多年调节水电站,新安江水电站
多年调节水电站,水能利用
多年调节水电站,电力系统
多年调节水电站,日调节水电站
年调节水电站,蓄水式水电站
年调节水电站,洪水期
年调节水电站,枯水期
径流,年调节水电站
年调节水电站,水电站调节性能
年调节水电站,水电站弃水
年调节水电站,水能利用
年调节水电站,水库淹没损失
年调节水电站,日调节水电站
日调节水电站,库容系数
日调节水电站,电力系统
日调节水电站,洪水期
日调节水电站,水能利用
库容,日调节水电站
日调节水电站,水库淹没损失
无调节水电站,径流量
无调节水电站,电力系统负荷
无调节水电站,电力系统
无调节水电站,水库淹没损失
电力系统负荷图,日负荷图
电力系统负荷图,年负荷图
峰荷,日负荷图
峰荷,基荷
腰荷,日负荷图
腰荷,基荷
基荷,日负荷图
基荷指数,日负荷图
基荷指数,电力系统
日最小负荷率,日负荷图
日平均负荷率,日负荷图
灌溉,年负荷图
涝,年负荷图
动态年负荷图,电力系统
年负荷增长率,年负荷图
年负荷增长率,电力系统
设计负荷水平,电力系统
火力发电站,电力系统
水能,可再生能源
绿色能源,可再生能源
水能,绿色能源
潮汐电站,水轮发电机
波浪能发电,可再生能源
水经,海流发电
水轮机,海流发电
洪水,海流发电
枯水,海流发电
流速,海流发电
抽水蓄能电站,电力系统
抽水蓄能电站,引水建筑物
水轮机,抽水蓄能电站
抽水蓄能电站,发电电动机
抽水蓄能电站,电力系统负荷
抽水蓄能电站,调频
抽水蓄能电站,调相
抽水蓄能电站,黑启动
水泵,抽水蓄能电站综合效率
变压器,抽水蓄能电站综合效率
抽水蓄能电站综合效率,抽水机
水轮机,抽水蓄能电站综合效率
水能计算,水电站出力
水能计算,电力系统
河流,水电站动能指标
水能资源,水电站动能指标
水能,水电站水头
水电站水头,下游
水位,水电站水头
流速,水电站水头
水电站水头,水电站流量
径流,水电站水头损失
水电站水头损失,水能利用
水电站水头损失,水电站流量
水电站设计水头,水电站预想出力
水电站设计水头,水电站装机容量
水电站效率,水电站出力
水电站效率,水电站水头
水电站效率,水电站流量
流量,水电站效率
径流,水电站流量
水轮机,水电站流量
水电站流量,无调节水电站
水电站流量,水电站出力
水电站流量,水电站设计水头
水电站流量,水电站装机容量
水电站流量,水电站进水口
水电站流量,上游
水库,水电站流量
水电站流量,电力系统负荷
水电站流量,水电站设计保证率
水电站弃水,洪水期
水库,水电站弃水
流量,水电站弃水
水电站弃水,泄水建筑物
水电站出力,高压开关站
流量,水电站出力
流量,出力过程线
水电站保证出力,无调节水电站
水电站保证出力,日调节水电站
水电站保证出力,年调节水电站
水电站保证出力,枯水年
保证电能,水电站保证出力
保证电能,水电站调节性能
保证电能,年调节水电站
水电站出力保证率曲线,水电站装机容量
水电站出力保证率曲线,水文资料
水电站出力保证率曲线,径流调节
水库,水电站设计保证率
水电站设计保证率,蓄水式水电站
水电站设计保证率,径流式水电站
水能资源,水电站设计保证率
水电站预想出力,水轮发电机
水轮机,水电站预想出力
水电站预想出力,水电站受阻容量
水电站主要参变数,水电站装机容量
水电站主要参变数,水库正常蓄水位
水电站主要参变数,水库死水位
水电站多年平均年发电量,水文资料
水电站多年平均年发电量,丰水年
水电站多年平均年发电量,中水年
水电站多年平均年发电量,枯水年
水电站装机容量,备用容量
水电站装机容量,重复容量
水电站装机容量,水平年
水电站装机容量,电力系统
水电站装机容量,电力电量平衡
必需容量,备用容量
水能资源,水电站最大工作容量
水电站最大工作容量,水电站设计保证率
水库,水电站最大工作容量
备用容量,电力系统
重复容量,电力系统
洪水,重复容量
枯水,重复容量
流量,水电站工作容量
水电站空闲容量,备用容量
水电站受阻容量,水电站水头
水轮机,水电站受阻容量
可用容量,电力系统
水轮机,可用容量
流量,可用容量
水库备用库容,备用容量
水库备用库容,基荷
水电站运行方式,电力系统
水电站运行方式,电力系统负荷
水电站运行方式,备用容量
水电站运行方式,日负荷图
水电站运行方式,调频
洪水,水电站运行方式
枯水,水电站运行方式
调频电站,电力系统负荷
调频电站,电力系统
调频电站,引水式水电站
调频电站,下游
流量,调频电站
水位,调频电站
调频电站,日调节
调峰电站,电力系统
调峰电站,日负荷图
调峰电站,日调节
调峰电站,无调节水电站
抽水蓄能电站,调峰电站
调峰能力,电力系统
调峰能力,日负荷图
黑启动,电力系统
电力电量平衡,电力系统
水能,电力电量平衡
电力电量平衡,设计负荷水平
调峰容量平衡,调峰能力
调峰容量平衡,电力电量平衡
调峰容量平衡,电力系统
调峰容量平衡,备用容量
调峰容量平衡,日负荷图
容量效益,电力系统
容量效益,备用容量
容量效益,水轮发电机
水库,容量效益
容量效益,峰荷
容量效益,必需容量
电量效益,电力系统
水电站水库调度,技术管理
径流,水电站水库调度
水电站经济运行,电力系统
水库,水电站经济运行
射流增差,下游
射流增差,河床式水电站
射流增差,洪水期
射流增差,水电站水头
射流增差,蜗壳
射流增差,泄洪
水利工程,效益指标
水资源,效益指标
水电站发电耗水率,水电站水头
洪水,季节性电能
水库电能,兴利库容
水库电能,水库消落深度
水库,供水期不蓄电能
供水期不蓄电能,水库消落深度
替代电站,水平年
水电站群,电力系统
河流,水电站群
水电站群,串联水库
水电站群,干流
水电站群,上游
水电站群,支流
河流,梯级水电站
梯级水电站,落差
水库,梯级水电站
河流梯级开发,上游
河流梯级开发,下游
水位,河流梯级开发
水库,河流梯级开发
水力发电,河流梯级开发
流域,河流梯级开发
水能资源,河流梯级开发
枯水,脱水河段
脱水河段,枯水年
脱水河段,跨流域开发
脱水河段,下游
河流,脱水河段
梯级水库联合调度,梯级水电站
河流,梯级水库联合调度
梯级水库联合调度,水库调度
水利,梯级水库联合调度
梯级水库联合调度,下游
径流,跨流域补偿调节
河流,跨流域补偿调节
跨流域补偿调节,水电站群
枯水,跨流域补偿调节
跨流域补偿调节,季节性电能
代燃料电站,水土流失
文化,水电农村电气化
水电站厂房,水轮发电机
水电站厂房,配电装置
河床,水电站厂房
河床式厂房,水电站厂房
河床式厂房,挡水建筑物
河床式厂房,泄水建筑物
河床式厂房,射流增差
坝后式厂房,下游
坝后式厂房,泄洪
流量,坝后式厂房
水轮机,坝后式厂房
坝后式厂房,水轮发电机
廊道,坝后式厂房
引水式厂房,引水建筑物
地下厂房,水电站厂房
地下厂房,上游
水库,地下厂房
地下厂房,防潮
地下厂房,尾水隧洞
地下厂房,结合水
水能,地下厂房
贯流式机组厂房,水电站厂房
贯流式机组厂房,导水机构
贯流式机组厂房,尾水管
抽水蓄能电站厂房,水轮发电机
抽水蓄能电站厂房,地下厂房
抽水蓄能电站厂房,下游
水轮机,潮汐电站厂房
潮汐电站厂房,河床式厂房
露天式厂房,水电站厂房
发电机层,油压装置
水轮机,发电机层
水轮机层,接力器
下部块体结构,水轮机层
下部块体结构,压力钢管
水轮机,下部块体结构
下部块体结构,蜗壳
下部块体结构,尾水管
水闸,下部块体结构
装配场,桥式起重机
装配场,发电机层
水电站中央控制室,电力系统
水电站厂房机组段,水轮发电机
水电站厂房机组段,蜗壳
水电站厂房机组段,下部块体结构
水电站尾水平台,下游
水电站尾水平台,尾水管
水闸,水电站尾水平台
变压器,母线道
母线道,防潮
主变压器场,配电装置
主变压器场,母线
主变压器场,装配场
防洪,主变压器场
主变压器场,上游
主变压器场,下游
变压器,高压开关站
高压开关站,隔离开关
高压开关站,电压互感器
高压开关站,电流互感器
高压开关站,避雷器
高压开关站,母线
高压开关站,电抗器
变压器,GIS开关
GIS开关,隔离开关
GIS开关,电压互感器
GIS开关,电流互感器
GIS开关,避雷器
GIS开关,母线
厂房构架,下部块体结构
水库,排冰道
水位,排冰道
排冰道,叠梁门
排冰道,下游
变顶高尾水隧洞,下游
水位,变顶高尾水隧洞
流量,变顶高尾水隧洞
水锤,变顶高尾水隧洞
变顶高尾水隧洞,尾水管
水系,变顶高尾水隧洞
水电站输水建筑物,下游
水电站输水建筑物,引水式水电站
渡槽,水电站输水建筑物
涵洞,水电站输水建筑物
水电站输水建筑物,倒虹吸
水工建筑物,水电站引水建筑物
水电站引水建筑物,落差
水电站引水建筑物,有压隧洞
水电站引水建筑物,无压隧洞
水电站引水建筑物,日调节池
水电站引水建筑物,沉沙池
水电站引水建筑物,压力前池
动力渠道,引水式水电站
动力渠道,引水建筑物
动力渠道,落差
动力渠道,非自动调节渠道
动力渠道,下游
堤,自动调节渠道
自动调节渠道,下游
设计流量,自动调节渠道
堤,非自动调节渠道
设计流量,非自动调节渠道
非自动调节渠道,下游
堤,动力渠道水力计算
动力渠道水力计算,日负荷图
流速,动力渠道水力计算
动力渠道设计流量,水电站出力
设计流量,动力渠道极限过水能力
压力前池,泄水建筑物
水轮机,压力前池
流量,压力前池
日调节池,引水式水电站
日调节池,水电站流量
流量,日调节池
日调节池,上游
流速,沉沙池
闸门,冲沙底孔
水库,冲沙底孔
冲沙底孔,压力前池
冲沙底孔,沉沙池
河流,冲沙底孔
水位,水电站进水口
水电站进水口,水库消落深度
河床,水电站进水口
闸门,水电站进水口
水电站进水口,水库分层
水电站进水口,通气孔
水电站进水口,充水阀
水库,水电站进水口
水电站进水口,下游
河流,水电站进水口
水库,抽水蓄能电站进出水口
流速,抽水蓄能电站进出水口
水位,抽水蓄能电站进出水口
进水口闸门,水电站进水口
进水口闸门,检修闸门
水轮机,进水口闸门
进水口闸门,上游
进水口闸门,平压管
进水口闸门,下游
充水阀,闸门旁通管
进水口淹没深度,上游
水位,进水口淹没深度
闸门,进水口淹没深度
水库,引水隧洞
引水隧洞,尾水隧洞
设计流量,隧洞经济断面
流量,隧洞临界流速
隧洞临界流速,引水隧洞
水库,压力管道
压力管道,压力前池
水轮机,压力管道
压力管道,内水压力
压力管道,钢衬钢筋混凝土管
压力钢管,压力管道
压力钢管,明钢管
埋藏式钢管,压力钢管
埋藏式钢管,坝后式厂房
埋藏式钢管,内水压力
钢衬钢筋混凝土管,内水压力
钢衬钢筋混凝土管,下游
钢管镇墩,明钢管
钢管支墩,明钢管
水轮机,水电站岔管
水电站岔管,内水压力
水电站岔管,月牙肋岔管
水电站岔管,球形岔管
水电站岔管,钢衬钢筋混凝土岔管
月牙肋岔管,内水压力
抽水蓄能电站,月牙肋岔管
钢衬钢筋混凝土岔管,内水压力
流量,水锤
水锤,流速
水锤,泵站
水锤,抽水蓄能电站
流量,水锤波
流速,直接水锤
抽水蓄能电站,直接水锤
泵站,直接水锤
间接水锤,上游
间接水锤,水锤波
间接水锤,下游
流速,间接水锤
水锤,阀门相对开度
流速,水锤计算特征线法
水轮机,水锤计算特征线法
水泵,水锤计算特征线法
水锤计算图解法,下游
流量,水电站调压室
水锤,水电站调压室
水电站调压室,水轮发电机
水电站调压室,简单式调压室
水电站调压室,阻抗式调压室
水电站调压室,溢流式调压室
水电站调压室,差动式调压室
水电站调压室,气垫式调压室
水位,简单式调压室
水位,阻抗式调压室
阻抗式调压室,水锤波
水位,水室式调压室
水库,水室式调压室
水位,溢流式调压室
溢流式调压室,水室式调压室
流量,差动式调压室
水位,气垫式调压室
水轮机,调压室涌波
水库,调压室涌波
水泵,单向调压室
抽水蓄能电站,单向调压室
水位,调压室波动周期
水位,调压室临界稳定断面
流量,水力振动
水位,水力振动
水锤,水力振动
止水,水力振动
水轮机,导水机构
反击式水轮机,导水机构
反击式水轮机,尾水管
水能,反击式水轮机
冲击式水轮机,压力钢管
混流式水轮机,反击式水轮机
混流式水轮机,导水机构
混流式水轮机,尾水管
混流式水轮机,蜗壳
轴流式水轮机,反击式水轮机
轴流式水轮机,导水机构
轴流式水轮机,尾水管
轴流式水轮机,蜗壳
轴流式水轮机,轴流转桨式水轮机
轴流定桨式水轮机,混流式水轮机
流量,轴流转桨式水轮机
斜流式水轮机,反击式水轮机
流量,斜流式水轮机
水泵,可逆式水轮机
可逆式水轮机,反击式水轮机
可逆式水轮机,尾水管
可逆式水轮机,水轮机最优工况
可逆式水轮机,混流式水轮机
可逆式水轮机,斜流式水轮机
贯流式水轮机,可逆式水轮机
贯流式水轮机,反击式水轮机
贯流式水轮机,尾水管
贯流式水轮机,上游
贯流式水轮机,下游
流量,贯流式水轮机
贯流式水轮机,水能资源
贯流式水轮机,水轮发电机
灯泡贯流式水轮机,尾水管
灯泡贯流式水轮机,防潮
水能,灯泡贯流式水轮机
轴伸贯流式水轮机,尾水管
竖井贯流式水轮机,防潮
竖井贯流式水轮机,灯泡贯流式水轮机
水斗式水轮机,冲击式水轮机
双击式水轮机,冲击式水轮机
流速,双击式水轮机
斜击式水轮机,冲击式水轮机
导水机构,调节流量
导水机构,斜流式水轮机
蜗壳,反击式水轮机
蜗壳,导水机构
水位,尾水管
迷宫环,混流式水轮机
水轮机,迷宫环
射流折向器,水斗式水轮机
水锤,射流折向器
水锤,水轮机空蚀
水轮机,水轮发电机组振动
水轮发电机组振动,尾水管
水工建筑物,水轮发电机组振动
流量,比转速
水轮机飞逸转速,混流式水轮机
流量,水力机械过渡过程
水位,水力机械过渡过程
水力机械过渡过程,水力振动
调节保证计算,水轮发电机
水锤,调节保证计算
水位,小波动稳定
抽水蓄能电站,小波动稳定
水位,大波动稳定
大波动稳定,小波动稳定
水轮机,模型综合特性曲线
流量,模型综合特性曲线
模型综合特性曲线,反击式水轮机
模型综合特性曲线,冲击式水轮机
水轮机,运行特性曲线
运行特性曲线,模型综合特性曲线
机械液压型调速器,接力器
机械液压型调速器,配压阀
机械液压型调速器,反馈
机械液压型调速器,水轮发电机
电气液压型调速器,反馈
电气液压型调速器,机械液压型调速器
微机电液调速器,反馈
水轮机,反馈
水轮机,配压阀
水轮机,接力器
变压器,油泵
油泵,扬程
油压装置,油泵
水轮机,油压装置
油压装置,导水机构
变压器,油系统
油系统,油泵
抽水蓄能电站,压缩空气系统
压缩空气系统,油压装置
压缩空气系统,调相
闸门,压缩空气系统
压缩空气系统,拦污栅
调压阀,蜗壳
调压阀,内水压力
水轮机进水阀,蜗壳
水轮机进水阀,蝴蝶阀
水轮机进水阀,闸阀
水轮机进水阀,导水机构
水轮机进水阀,压力管道
水轮机进水阀,引水式水电站
球阀,调节流量
蝴蝶阀,调节流量
止水,蝴蝶阀
伸缩节,水轮机进水阀
伸缩节,上游
伸缩节,下游
桥式起重机,下游
水轮机,桥式起重机
双小车桥式起重机,平衡梁
平衡梁,桥式起重机
平衡梁,绞车
起重机,试重块
机组制动,水轮发电机
供水系统,自动控制
变压器,供水系统
供水系统,油压装置
水轮机,供水系统
供水系统,水轮机进水阀
供水系统,上游
供水系统,蜗壳
供水系统,下游
水泵,供水系统
水轮机,水电站排水系统
水电站排水系统,下游
水电站排水系统,蜗壳
水电站排水系统,尾水管
水泵,水电站排水系统
水电站排水系统,排水廊道
水轮机,水力监测系统
水力监测系统,下游
流量,水力监测系统
水力监测系统,拦污栅
水库,水力监测系统
水力监测系统,压力钢管
爆破,水力监测系统
截流,截止阀
减压阀,供水系统
减压阀,压缩空气系统
止水,水轮机真空破坏阀
水泵,水轮机真空破坏阀
水轮机补气装置,尾水管
水轮机补气装置,射流泵
水轮机,同步电机
水轮机,水轮发电机
蒸发,水轮发电机
发电电动机,潮汐电站
水轮机,发电电动机
水泵,发电电动机
发电机励磁系统,励磁机
发电机励磁系统,电流互感器
可控硅励磁,同步电机
可控硅励磁,励磁机
可控硅励磁,电力系统
永磁发电机,水轮发电机
励磁机,同步电机
动力系统,配电装置
动力系统,电力网
电力系统,配电装置
电力系统,电力网
电力系统,动力系统
调相,异步电机
变压器,调相
水轮机,调相
调频,电力系统
变压器,电力系统
变压器,电压互感器
变压器,电流互感器
变压器,自动控制
自耦变压器,继电保护
变压器冷却,油泵
流速,变压器冷却
隔离开关,配电装置
隔离开关,电压互感器
隔离开关,避雷器
变压器,隔离开关
电抗器,母线
母线,电导率
母线,配电装置
电力电缆,防潮
闸刀开关,自动空气开关
变压器,自动空气开关
主结线,母线
配电装置,主结线
成套配电装置,主结线
继电保护,电力系统
继电保护,母线
差动保护,继电保护
变压器,差动保护
差动保护,电流互感器
自动重合闸,继电保护
水泵,抽水机
水泵,离心泵
水泵,轴流泵
水泵,混流泵
水泵,水轮泵
水泵,水锤泵
灌溉,水泵
离心泵,扬程
流量,离心泵
自吸式离心泵,蜗壳
喷灌,自吸式离心泵
轴流泵,扬程
流量,轴流泵
轴流泵,圩区
涝,轴流泵
灌溉,轴流泵
贯流泵,混流泵
水泵,贯流泵
贯流泵,泵房
圬工泵,扬程
圬工泵,轴流泵
混流泵,离心泵
混流泵,轴流泵
流量,混流泵
潜水泵,扬程
潜水泵,井灌
深井泵,混流泵
水泵,浅井泵
浅井泵,扬程
水轮机,水轮泵
河流,水轮泵
水轮泵,跌水
水锤泵,扬程
水泵,螺旋泵
流量,螺旋泵
螺旋泵,扬程
流量,扬程
水位,扬程
水泵,气蚀余量
流量,闸阀
闸阀,离心泵
闸阀,调节流量
水轮机,闸阀
闸阀,止回阀
闸阀,底阀
底阀,离心泵
底阀,混流泵
水泵,底阀
底阀,柱塞泵
底阀,潜水泵
底阀,轴流泵
止回阀,扬程
泵站,止回阀
水锤,止回阀
止回阀,拍门
水泵,拍门
水轮机,套用机组
套用机组,模型综合特性曲线
水利工程,水工建筑物
堤,水工建筑物
水工建筑物,海塘
水工建筑物,溢洪道
水工建筑物,泄洪
水工建筑物,取水建筑物
水工建筑物,进水闸
水工建筑物,输水建筑物
水工建筑物,专门性建筑物
水工建筑物,鱼道
水工建筑物,筏道
水工建筑物,动水压力
水利枢纽,枢纽布置
水工建筑物,枢纽布置
水利枢纽,坝址选择
坝址选择,流域规划
坝址选择,枢纽布置
坝型选择,挡水建筑物
坝型选择,初步设计
坝型选择,枢纽布置
水利工程,初步设计
初步设计,导流方案
水利工程,技术设计
水利工程,施工详图阶段
施工详图阶段,施工预算
安全系数设计法,稳定安全系数
水位,挡水建筑物
水闸,挡水建筑物
堤,挡水建筑物
水利工程,专门性建筑物
专门性建筑物,压力管道
专门性建筑物,鱼道
专门性建筑物,筏道
专门性建筑物,沉沙池
水工建筑物,水电站建筑物
水电站建筑物,引水建筑物
水电站建筑物,水电站厂房
水电站建筑物,水轮发电机
水工建筑物,过鱼建筑物
过鱼建筑物,鱼道
过鱼建筑物,鱼闸
水利枢纽,过鱼建筑物
河流,过鱼建筑物
水工建筑物,过木建筑物
起重机,过木建筑物
过木建筑物,绞车
水位,过木建筑物
水利枢纽,过木建筑物
过坝建筑物,下游
水工建筑物,过坝建筑物
过坝建筑物,鱼道
过坝建筑物,鱼闸
过坝建筑物,筏道
水位,筏道
水位,鱼道
流速,鱼道
鱼道,淡水
鱼闸,下游
鱼闸,闸室
水经,鱼闸
水位,鱼闸
鱼闸,上游
水库,鱼闸
升鱼机,下游
水位,升鱼机
永久性水工建筑物,下游
永久性水工建筑物,泄洪
永久性水工建筑物,输水建筑物
永久性水工建筑物,工作桥
临时性水工建筑物,围堰
动水压力,反弧段
地震作用,动强度
地震作用,动水压力
止水,水工建筑物抗震设计
抗震设计标准,水工建筑物抗震设计
水工建筑物,抗震设计标准
抗震设计标准,挡水建筑物
动安全系数,水工建筑物抗震设计
动力响应,地震作用
水工建筑物,地震动输入
地震动输入,地震加速度时程曲线
灌浆,抗震工程措施
水工建筑物,抗震工程措施
扬压力,下游
水工建筑物,扬压力
水位,扬压力
扬压力,排水设施
灌浆,扬压力
水工建筑物,温度荷载
水库,冰压力
水工建筑物,冰压力
水工建筑物,水工荷载组合
水工荷载组合,设计洪水
水工荷载组合,动水压力
水工荷载组合,冰压力
洪水,水工荷载组合
土坝,稳定安全系数
重力坝,纯摩公式
纯摩公式,稳定安全系数
重力坝,剪摩公式
剪摩公式,稳定安全系数
重力坝,材料力学法
边缘应力,下游
边缘应力,材料力学法
重力坝,边缘应力
水位,重力坝实用剖面
重力坝实用剖面,坝身泄水孔
重力坝实用剖面,拦污栅
闸门,重力坝实用剖面
重力坝实用剖面,上游
重力坝实用剖面,下游
水库,稳定温度场
水工建筑物,排水设施
廊道,排水设施
土坝,排水设施
排水设施,下游
排水设施,土石坝
排水设施,棱体排水
水闸,排水孔
排水孔,消力池
排水孔,下游
排水孔,翼墙
重力坝,排水孔
护坡,排水孔
水工建筑物,止水
重力坝,止水
拱坝,止水
止水,周边缝
止水,隧洞衬砌
止水,闸墩
止水,沉陷缝
闸门,止水
止水,施工缝
水工建筑物,检查井
检查井,横缝
止水,检查井
迎水面,上游
背水面,下游
土坝,心墙
土坝,斜墙
土坝,水力冲填
土坝,定向爆破
均质土坝,下游
水力冲填坝,水枪
水力冲填坝,泥浆泵
水库,水中倒土坝
土石坝,坝壳
土坝,土石坝
土石坝,斜墙
堆石坝,防渗体
堆石坝,心墙
堆石坝,上游
土坝,碾压式土石坝
堆石坝,碾压式土石坝
坝顶高程,坝顶超高
坝顶宽度,土石坝
挡浪墙,土石坝
挡浪墙,上游
渗漏,挡浪墙
坝壳,防渗体
坝壳,排水设施
水工建筑物,防渗体
渗漏,防渗体
防渗体,斜墙
防渗体,齿墙
防渗体,截水槽
防渗体,防渗墙
防渗体,挡水建筑物
土坝,防渗体
水闸,防渗体
心墙,上游
心墙,截水墙
斜墙,上游
斜心墙坝,上游
斜心墙坝,下游
斜心墙坝,坝壳
斜心墙坝,土石坝
岸坡绕流,下游
灌浆,岸坡绕流
坝基渗漏,下游
坝基渗漏,铺盖
坝基渗漏,混凝土防渗墙
坝基渗漏,帷幕灌浆
防渗墙,挡水建筑物
防渗墙,围堰
心墙,防渗墙
防渗墙,上游
混凝土防渗墙,挡水建筑物
心墙,混凝土防渗墙
混凝土防渗墙,防渗体
混凝土防渗墙,下游
截水墙,挡水建筑物
截水墙,混凝土浇筑
截水墙,防渗体
截水槽,土石坝
心墙,截水槽
铺盖,上游
河床,铺盖
铺盖,塌陷
土坝坝坡,下游
土坝坝坡,斜墙
土坝坝坡,上游
心墙,土坝坝坡
贴坡式排水,排水设施
土坝,贴坡式排水
贴坡式排水,下游
棱体排水,下游
水位,棱体排水
棱体排水,马道
褥垫式排水,下游
褥垫式排水,坝基排水
水位,褥垫式排水
管式排水,排水设施
管式排水,下游
水库,管式排水
土坝,管式排水
坝基排水,排水设施
土坝,坝基排水
坝基排水,下游
沼泽,坝基排水
坝坡排水,排水设施
土坝,坝坡排水
坝坡排水,下游
坝坡排水,贴坡式排水
干砌石坝,上游
干砌石坝,防渗体
堆石坝,干砌石坝
溢流土石坝,下游
定向爆破筑坝,最小抵抗线
定向爆破筑坝,防渗体
沥青混凝土面板坝,上游
沥青混凝土面板坝,垫层
钢筋混凝土面板堆石坝,上游
钢筋混凝土面板堆石坝,趾板
钢筋混凝土面板堆石坝,垫层
钢筋混凝土面板堆石坝,振动碾
堆石坝,面板脱空
堆石坝,趾板
趾板,周边缝
趾板,防渗墙
趾板,连接板
堆石坝,垫层
垫层,下游
堆石坝,周边缝
周边缝,上游
堆石坝,垂直缝
堆石坝,柔性填料
止水,柔性填料
堆石坝,挤压式边墙
挤压式边墙,垫层
挤压式边墙,上游
挤压式边墙,斜坡碾压
堆石坝,连接板
连接板,防渗墙
止水,连接板
堆石坝分区,上游
堆石坝分区,下游
堆石坝分区,垫层
反滤,堆石坝分区
止水,堆石坝分区
堆石坝,L形挡墙
土工膜防渗斜墙坝,土石坝
土工膜防渗斜墙坝,覆盖
水库,土工膜库盘防渗
土工膜库盘防渗,覆盖
抽水蓄能电站,土工膜库盘防渗
土工织物排水,下游
反滤,土工织物排水
胶凝砂砾石坝,碾压混凝土坝
堆石坝,胶凝砂砾石坝
重力坝,下游
溢流重力坝,下游
碾压混凝土,非溢流重力坝
宽缝重力坝,横缝
宽缝重力坝,扬压力
空腹重力坝,防潮
止水,空腹重力坝
重力坝,浆砌块石坝
拱坝,浆砌块石坝
浆砌块石坝,迎水面
水工建筑物,永久缝
灌浆,永久缝
永久缝,沉陷缝
水工建筑物,临时缝
临时缝,施工缝
临时缝,横缝
临时缝,纵缝
临时缝,混凝土浇筑
水工建筑物,沉陷缝
横缝,沉陷缝
拱坝,横缝
重力坝,横缝
纵缝,斜缝
灌浆,纵缝
重力坝,斜缝
灌浆,斜缝
键槽,纵缝
重力坝,坝基排水孔
拱坝,坝基排水孔
灌浆,坝基排水孔
坝基排水孔,下游
坝基排水孔,帷幕灌浆
坝基排水孔,固结灌浆
廊道,水工建筑物
灌浆,廊道集水沟
廊道集水沟,排水廊道
排水廊道,基面排水
水泵,排水廊道
排水廊道,下游
基础灌浆廊道,坝基排水
基础灌浆廊道,上游
基面排水,坝基排水
重力坝,基面排水
坝身排水管,上游
坝身排水管,坝基排水孔
水泵,坝身排水管
灌浆区,纵缝
灌浆区,横缝
止浆片,纵缝
止浆片,横缝
灌浆,止浆片
止水,止浆片
等半径拱坝,上游
河床,等中心角变半径拱坝
等中心角变半径拱坝,下游
等中心角变半径拱坝,上游
变中心角变半径拱坝,等半径拱坝
变中心角变半径拱坝,等中心角变半径拱坝
重力坝,重力拱坝
单曲拱坝,下游
河流,空腹拱坝
拱坝,经济中心角
拱坝,试荷载法
试荷载法,系统分析
拱冠梁法,试荷载法
拱坝,拱冠梁法
拱坝,纯拱法
纯拱法,应力计
拱坝,圆筒法
有限元等效应力,材料力学法
拱坝,垫座
止水,垫座
封拱温度,横缝
灌浆,封拱温度
封拱温度,灌浆区
封拱温度,稳定温度场
拱坝,封拱温度
水垫塘,消能工
水垫塘,下游
拱坝,水垫塘
水垫塘,下游消能
圆弧形横缝,混凝土浇筑
灌浆,圆弧形横缝
拱坝,诱导缝
倒悬度,上游
倒悬度,下游
拱坝,倒悬度
推力墩,坝顶高程
拱坝,推力墩
拱坝,重力墩
断面平均温度,温度荷载
混凝土置换,下游
混凝土置换,上游
水库,混凝土置换
灌浆,混凝土置换
碾压混凝土坝,土石坝
碾压混凝土坝,切缝
碾压混凝土坝,振动碾
碾压混凝土坝,上游
碾压混凝土坝,溢流面
变态混凝土防渗,碾压混凝土坝
变态混凝土防渗,上游
金包银防渗,碾压混凝土坝
碾压混凝土,金包银防渗
碾压混凝土,垫层
碾压混凝土,切缝
连拱坝,支墩坝
大头坝,支墩坝
大头坝,上游
大头坝,沉陷缝
止水,大头坝
大头坝,下游
平板坝,支墩坝
平板坝,上游
平板坝,下游
平板坝,溢流面
溢流平板坝,上游
溢流平板坝,下游
溢流平板坝,溢流面
水闸,泄水建筑物
水闸,下游
水闸,上游
水闸,防冲槽
水闸,翼墙
水闸,护坡
水闸,海漫
河床,水闸
水利工程,水闸
水闸,挡潮闸
水闸,分洪闸
水闸,冲沙闸
灌溉,进水闸
洪水,进水闸
节制闸,调节流量
灌溉,节制闸
防洪,排水闸
堤,排水闸
汛期,排水闸
退水闸,干渠
冲沙闸,进水闸
冲沙闸,下游
洪水,分洪闸
分洪闸,滞洪
分洪闸,分洪道
汛期,挡潮闸
挡潮闸,枯水期
闸门,挡潮闸
灌溉,挡潮闸
涵洞式水闸,闸室
涵洞式水闸,上游
涵洞式水闸,下游
堤,涵洞式水闸
装配式水闸,闸底板
浮运式水闸,闸墩
浮运式水闸,下游
浮运式水闸,闸室
橡胶坝,上游
灌溉,橡胶坝
防洪,橡胶坝
液压升降坝,挡水建筑物
液压升降坝,行洪
液压升降坝,活动坝
套闸,圩区
套闸,下游
套闸,闸室
套闸,节制闸
闸室,闸底板
闸室,闸墩
闸门,闸室
闸室,边墩
闸室,胸墙
闸室,工作桥
水位,闸室
闸底板,下游
闸底板,上游
闸底板,齿墙
水闸,阻滑板
阻滑板,上游
阻滑板,扬压力
阻滑板,稳定安全系数
门槽,闸墩
水闸,闸墩
堤,边墩
齿墙,下游
胸墙,闸墩
胸墙,下游
胸墙,上游
水位,胸墙
闸门,胸墙
胸墙,工作桥
胸墙,进水闸
闸孔跨距,闸墩
闸孔跨距,工作桥
闸孔跨距,公路桥
水闸,闸孔跨距
岸墙,闸室
堤,岸墙
涵洞,翼墙
渡槽,翼墙
翼墙,下游
堤,翼墙
翼墙,闸室
工作桥,闸墩
启闭机,工作桥
闸门,工作桥
公路桥,上游
公路桥,工作桥
边墩绕流,下游
水位,边墩绕流
边墩绕流,上游
边墩绕流,翼墙
边墩绕流,岸墙
边墩绕流,流土
地下轮廓线,铺盖
护坦,地下轮廓线
改进阻力系数法,下游
改进阻力系数法,齿墙
刺墙,挡水建筑物
刺墙,岸墙
涵洞,角墙式进口
角墙式进口,翼墙
角墙式进口,铺盖
水闸,角墙式进口
涵洞,八字形斜降墙式进口
八字形斜降墙式进口,翼墙
八字形斜降墙式进口,上游
水工建筑物,检修闸门
检修闸门,下游
启闭机,事故闸门
水工建筑物,平面闸门
平面闸门,封水
平面闸门,事故闸门
平面闸门,检修闸门
平面闸门,门槽
平面闸门,下游
止水,平面闸门
平面闸门,上游
水位,平面闸门
平面闸门,工作桥
双扉平板闸门,下游
止水,双扉平板闸门
双扉平板闸门,工作桥
水闸,护镜门
启闭机,护镜门
水闸,有轨平面弧形双开闸门
水利工程,有轨平面弧形双开闸门
城市防洪,有轨平面弧形双开闸门
弧形闸门,闸墩
弧形闸门,边墩
弧形闸门,下游
圆筒闸门,上游
水位,圆筒闸门
水库,圆筒闸门
衬砌,圆筒闸门
圆筒闸门,检修闸门
升卧式闸门,工作桥
屋顶式闸门,下游
舌瓣闸门,平面闸门
舌瓣闸门,调节流量
舌瓣闸门,上游
旋转刚架闸门,洪水期
旋转刚架闸门,枯水期
旋转刚架闸门,蓄水灌溉
浮箱式闸门,门槽
浮箱式闸门,检修闸门
自动翻倒闸门,调节流量
自动翻倒闸门,上游
河床,自动翻倒闸门
自动翻倒闸门,洪峰
流量,自动翻倒闸门
溢洪道,自动翻倒闸门
水利工程,钢丝网水泥面板
闸门,钢丝网水泥面板
起重机,活动启闭机
起重机,固定启闭机
固定启闭机,绞车
闸门,螺杆式启闭机
油压式启闭机,油泵
泄水建筑物,洪水期
溢洪道,泄水建筑物
重力坝,泄水建筑物
拱坝,泄水建筑物
泄水建筑物,坝身泄水孔
泄水建筑物,土石坝
设计流量,输水建筑物
水利枢纽,设计流量
设计流量,设计洪水
洪水,设计流量
设计流量,灌溉渠道
设计流量,引水隧洞
设计流量,渡槽
水闸,设计流量
校核流量,输水建筑物
设计流量,校核流量
溢洪道,泄洪量
泄洪量,泄水建筑物
设计流量,泄洪量
泄洪量,校核流量
坝身泄水孔,上游
坝身泄水孔,下游
坝身泄水孔,消能工
库容,坝身泄水孔
放空底孔,坝身泄水孔
库容,放空底孔
排沙底孔,坝身泄水孔
通气孔,事故闸门
通气孔,上游
溢流前缘,枢纽布置
溢洪道,溢流面
溢流面,下游
溢流面,反弧段
溢洪道,WES
WES,上游
WES,下游
溢洪道,克-奥型剖面堰
水利,克-奥型剖面堰
流量,克-奥型剖面堰
克-奥型剖面堰,上游
水库,厂房顶溢流
厂房顶溢流,挑流鼻坎
溢洪道,厂房顶溢流
厂房顶溢流,地下厂房
河流,厂房顶溢流
厂房顶溢流,水力发电站
二道坝,下游
二道坝,冲刷坑
二道坝,消力池
二道坝,水工模型试验
水利枢纽,分水墙
分水墙,过鱼建筑物
分水墙,泄洪
分水墙,下游
流量,分水墙
收缩段,下游
溢洪道,收缩段
收缩段,泄水渠
溢洪道,扩散段
扩散段,泄水渠
扩散段,扩散角
渐变段,输水建筑物
渐变段,水工隧洞
闸门,渐变段
渐变段,下游
渐变段,上游
反弧段,下游
护坦,反弧段
河床,反弧段
洪水,反弧段
闸门,反弧段
河床,折冲水流
闸门,折冲水流
下游消能,泄水建筑物
水位,下游消能
下游消能,挑流式消能
下游消能,面流式消能
下游消能,混合式消能
水利枢纽,下游消能
水工建筑物,下游消能
消能工,戽斗
底流式消能,下游
河床,底流式消能
水闸,底流式消能
溢洪道,底流式消能
河床,面流式消能
流速,面流式消能
水位,面流式消能
流量,面流式消能
挑流式消能,下游
挑流式消能,挑流鼻坎
挑流式消能,消力池
挑流式消能,护底
混合式消能,下游
河床,混合式消能
混合式消能,溢流重力坝
窄缝式挑流消能,挑流鼻坎
窄缝式挑流消能,冲刷坑
消力池,下游
河床,消力池
护坦,消力池
水位,消力池
辅助消能工,消力池
辅助消能工,尾槛
拱坝,空中对撞消能
空中对撞消能,下游
河床,空中对撞消能
流量,宽尾墩联合消能工
宽尾墩联合消能工,消力池
水库,宽尾墩联合消能工
洞内孔板消能,泄洪
洞内孔板消能,下游
尾槛,消力池
河床,尾槛
尾槛,下游
流量,尾槛
水位,尾槛
护坦,泄水建筑物
护坦,底流式消能
护坦,横缝
顺坡式斜护坦,下游
护坦排水孔,护坦锚筋
护坦,海漫
海漫,下游
抛石,海漫
海漫,石笼
防冲槽,上游
挑流鼻坎,差动式鼻坎
挑流鼻坎,枢纽布置
扩散角,下游
水闸,扩散角
扩散角,闸室
扩散角,翼墙
溢洪道,扩散角
挑射角,反弧段
挑射角,挑流式消能
挑射角,混合式消能
挑射角,面流式消能
挑距,下游
挑距,冲刷坑
挑距,挑流鼻坎
冲刷坑,泄水建筑物
冲刷坑,下游
河床,冲刷坑
冲刷坑,消能工
平台扩散水跃消能,扩散段
平台扩散水跃消能,扩散角
喷射扩散消能,下游
河床,人工加糙
掺气减蚀,泄水建筑物
掺气减蚀,溢流面
水利工程,掺气减蚀
泄水道首部,上游
泄水道首部,拦污栅
泄水道首部,闸室
泄水道首部,渐变段
泄水道首部,竖井式首部
泄水道首部,斜坡式首部
泄水道首部,岸塔式首部
塔式首部,泄水道首部
塔式首部,上游
启闭机,塔式首部
塔式首部,引水建筑物
水位,塔式首部
闸门,塔式首部
塔式首部,土石坝
衬砌,竖井式首部
闸门,竖井式首部
启闭机,竖井式首部
竖井式首部,上游
竖井式首部,下游
水利枢纽,竖井式首部
斜坡式首部,水工隧洞
衬砌,斜坡式首部
斜坡式首部,拦污栅
斜坡式首部,检修闸门
岸塔式首部,混凝土浇筑
启闭机,岸塔式首部
岸塔式首部,拦污栅
闸门,岸塔式首部
平压管,检修闸门
平压管,闸室
平压管,下游
平压管,上游
拦污栅,引水建筑物
水库,溢洪道
溢洪道,挡水建筑物
开敞式河岸溢洪道,泄洪
开敞式河岸溢洪道,下游消能
流速,开敞式河岸溢洪道
流量,开敞式河岸溢洪道
侧槽式河岸溢洪道,泄洪
侧槽式河岸溢洪道,下游消能
衬砌,侧槽式河岸溢洪道
竖井式溢洪道,泄洪
虹吸式溢洪道,消能工
虹吸式溢洪道,上游
水库,虹吸式溢洪道
虹吸式溢洪道,泄洪
水利枢纽,非常溢洪道
设计标准,非常溢洪道
土坝,非常溢洪道
非常溢洪道,土石坝
堆石坝,非常溢洪道
水库,非常溢洪道
水位,非常溢洪道
非常溢洪道,泄洪
非常溢洪道,主坝
滑雪式溢洪道,下游
滑雪式溢洪道,泄洪
拱坝,滑雪式溢洪道
流量,溢洪道控制堰
水库,溢洪道控制堰
溢洪道控制堰,调洪演算
灌溉,输水建筑物
水库,输水建筑物
湖泊,输水建筑物
输水建筑物,下游
输水建筑物,引水隧洞
河流,引水建筑物
流量,引水建筑物
水工建筑物,引水建筑物
引水建筑物,输水建筑物
引水建筑物,灌溉工程
引水建筑物,无坝引水口
堤,无坝引水口
无坝引水口,枯水期
流量,无坝引水口
有坝引水口,进水闸
有坝引水口,冲沙闸
有坝引水口,冲沙廊道
水经,有坝引水口
水工隧洞,泄洪
水工隧洞,有压隧洞
水工隧洞,城门洞式隧洞
水工隧洞,马蹄形隧洞
流量,有压隧洞
有压隧洞,泄洪
无压隧洞,泄洪
流速,无压隧洞
圆形隧洞,水工隧洞
圆形隧洞,外水压力
圆形隧洞,无压隧洞
城门洞式隧洞,渐变段
内水压力,水工隧洞
内水压力,有压隧洞
外水压力,水工隧洞
水库,外水压力
外水压力,下游
衬砌,喷锚支护
衬砌,护坡
水工建筑物,衬砌
隧洞衬砌,固结灌浆
隧洞衬砌,水工隧洞
预应力衬砌,有压隧洞
止水,预应力衬砌
预应力衬砌,千斤顶
衬砌,锚固自衬
土坝,上埋式管道
灌溉,沟埋式管道
钢管廊道,土石坝
止水,截流环
水工建筑物,渠首工程
河流,渠首工程
渠首工程,进水闸
河床,渠首工程
枯水,渠首工程
流量,渠首工程
渠首工程,下游
渠首工程,冲沙廊道
灌区,渠首工程
渠首工程,人工弯道式渠首
渠首工程,底拦栅式渠首
渠首工程,两岸引水式渠首
沉沙槽式渠首,进水闸
沉沙槽式渠首,上游
沉沙槽式渠首,翼墙
引水渠式渠首,冲沙闸
引水渠式渠首,下游
人工弯道式渠首,泄洪
人工弯道式渠首,进水闸
人工弯道式渠首,冲沙闸
人工弯道式渠首,下游
人工弯道式渠首,退水
人工弯道式渠首,上游
堤,人工弯道式渠首
冲沙廊道式渠首,进水闸
河流,冲沙廊道式渠首
两岸引水式渠首,下游
两岸引水式渠首,倒虹吸
底拦栅式渠首,泄洪
堤,底拦栅式渠首
河流,底拦栅式渠首
底拦栅式渠首,干渠
底拦栅式渠首,冲沙闸
冲沙廊道,进水闸
河流,拦沙坝
落差建筑物,退水
落差建筑物,下游
跌水,下游
跌水,消力池
溢洪道,跌水
跌水,退水
跌水,泄洪
河流,跌水
河流,倒虹吸
流量,倒虹吸
洪水,倒虹吸
倒虹吸,泄洪
涵洞,输水建筑物
涵洞,下游
涵洞,岸墙
闸门,涵洞
涵洞,工作桥
涵洞,护坡
涵洞,护坦
涵洞,海漫
涵洞,防冲槽
灌溉,涵洞
有压式涵洞,外水压力
止水,有压式涵洞
流量,有压式涵洞
无压式涵洞,下游
流量,箱形涵洞
灌浆,水工建筑物地基处理
预应力锚固,锚索
灌溉,渡槽
止水,梁式渡槽
流量,梁式渡槽
河流,交叉工程
涵洞,交叉工程
交叉工程,倒虹吸
渡槽,交叉工程
洪水,交叉工程
河床,导流屏
灌溉,导流屏
流速,栈桥式透水坝
截流,三角架透水坝
三角架透水坝,杩槎
三角架透水坝,梢料
水位,透水淤沙浮坝
流速,透水淤沙浮坝
河流,透水淤沙浮坝
堤,抛石护坡
抛石护坡,反滤层
抛石护坡,裹头
堤,砌石护坡
土坝,砌石护坡
流速,砌石护坡
砌石护坡,反滤层
蒸发,柳栅护坡
水工建筑物,杩槎
截流,杩槎
杩槎,抢险
杩槎,堵口
水工建筑物除险加固,险情
水工建筑物除险加固,塌陷
抛石,水工建筑物除险加固
水工建筑物除险加固,石笼
水工建筑物除险加固,铺盖
大坝加高,下游
大坝加高,支流
水工建筑物,裂缝处理
灌浆,裂缝处理
裂缝处理,混凝土置换
水工建筑物,防渗体缺陷处理
防渗体缺陷处理,混凝土防渗墙
防渗体缺陷处理,帷幕灌浆
大坝安全确定性模型,大坝安全监控
大坝安全确定性模型,佛子岭连拱坝
监控指标,大坝安全监控
监控指标,扬压力
渗漏,监控指标
水工建筑物,变形监测
水工建筑物,外部观测
外部观测,沉降观测
流量,外部观测
水工建筑物,内部观测
内部观测,无应力计
水位,内部观测
渗流监测,下游
水位,渗流监测
渗流监测,渗流量监测
水工建筑物,渗流监测
渗流监测,扬压力
渗透压力监测,排水设施
渗透压力监测,扬压力
渗流量监测,量水堰
渗流量监测,渗压计
渗漏,量水堰
水工建筑物,视准线法
水工建筑物,引张线法
廊道,引张线法
激光准直法,视准线法
坝面标石,土石坝
水位,沉降观测
沉降观测,土石坝
河床,沉降观测
沉降观测,合龙
挠度观测,正锤
挠度观测,倒锤
倒锤,正锤
水位,水管倾斜仪
廊道,水管倾斜仪
土坝,测斜仪
压力计,遥测
洪水,漫顶事故
土坝,漫顶事故
溢洪道,漫顶事故
漫顶事故,泄洪能力
漏洞事故,下游
土坝,水力劈裂
水利工程,水工模型试验
水工建筑物,水工模型试验
水工模型试验,下游
水利工程,比尺效应
心墙,奥洛维尔土坝
水库,奥洛维尔土坝
心墙,阿斯旺土坝
水库,阿斯旺土坝
阿斯旺土坝,水电站装机容量
心墙,努列克土坝
水库,努列克土坝
努列克土坝,水电站装机容量
水库,大狄克桑斯重力坝
布拉茨克宽缝重力坝,主坝
土坝,布拉茨克宽缝重力坝
水库,布拉茨克宽缝重力坝
布拉茨克宽缝重力坝,水电站装机容量
水库,胡佛坝
胡佛坝,水电站装机容量
防洪,英古里拱坝
水库,英古里拱坝
英古里拱坝,水电站装机容量
水库,萨扬舒申斯克拱坝
萨扬舒申斯克拱坝,水电站装机容量
水库,旦尼尔约翰逊连拱坝
旦尼尔约翰逊连拱坝,水电站装机容量
水库,姆拉丁尼拱坝
姆拉丁尼拱坝,水电站装机容量
水库,佛子岭连拱坝
重力坝,佛子岭连拱坝
河床,佛子岭连拱坝
官厅水库,上游
防洪,官厅水库
灌溉,官厅水库
心墙,官厅水库
河床,官厅水库
三门峡水库,干流
水利工程,三门峡水库
防洪,三门峡水库
灌溉,三门峡水库
三门峡水库,防凌
三门峡水库,水电站装机容量
防洪,丰满水电站
丰满水电站,主坝
丰满水电站,泄洪
丰满水电站,水电站装机容量
防洪,新安江水电站
水库,新安江水电站
新安江水电站,设计洪水
新安江水电站,泄洪
新安江水电站,水电站装机容量
乌江渡水电站,主坝
乌江渡水电站,设计洪水
乌江渡水电站,泄洪
乌江渡水电站,水电站装机容量
碧口水电站,上游
碧口水电站,支流
碧口水电站,干流
防洪,碧口水电站
水库,碧口水电站
碧口水电站,主坝
心墙,碧口水电站
碧口水电站,设计洪水
碧口水电站,泄洪
龙羊峡水电站,上游
水库,龙羊峡水电站
龙羊峡水电站,水电站装机容量
龙羊峡水电站,挡水建筑物
龙羊峡水电站,水轮发电机
丹江口水利枢纽,下游
防洪,丹江口水利枢纽
灌溉,丹江口水利枢纽
丹江口水利枢纽,坝后式厂房
河床,丹江口水利枢纽
丹江口水利枢纽,坝顶高程
丹江口水利枢纽,大坝加高
库容,丹江口水利枢纽
水库,丹江口水利枢纽
葛洲坝水利枢纽,下游
葛洲坝水利枢纽,干流
水库,葛洲坝水利枢纽
葛洲坝水利枢纽,反调节
葛洲坝水利枢纽,冲沙闸
葛洲坝水利枢纽,挡水建筑物
葛洲坝水利枢纽,水轮发电机
葛洲坝水利枢纽,排沙底孔
水轮机,葛洲坝水利枢纽
葛洲坝水利枢纽,泄洪
三峡水利枢纽,下游
三峡水利枢纽,径流量
防洪,三峡水利枢纽
三峡水利枢纽,水电站厂房
三峡水利枢纽,坝顶高程
河床,三峡水利枢纽
三峡水利枢纽,泄洪
三峡水利枢纽,泄洪能力
三峡水利枢纽,水轮发电机
三峡水利枢纽,地下厂房
三峡水利枢纽,闸室
水库,三峡水利枢纽
三峡水利枢纽,防洪库容
三峡水利枢纽,防洪标准
锦屏拱坝,干流
锦屏拱坝,挡水建筑物
锦屏拱坝,泄水建筑物
锦屏拱坝,坝身泄水孔
锦屏拱坝,泄洪
水库,锦屏拱坝
库容,锦屏拱坝
小湾拱坝,中游
小湾拱坝,支流
小湾拱坝,下游
防洪,小湾拱坝
灌溉,小湾拱坝
水库,小湾拱坝
小湾拱坝,水电站装机容量
小浪底水利枢纽,中游
截流,小浪底水利枢纽
河流,小浪底水利枢纽
防洪,小浪底水利枢纽
小浪底水利枢纽,防凌
灌溉,小浪底水利枢纽
心墙,小浪底水利枢纽
小浪底水利枢纽,泄洪
水库,小浪底水利枢纽
小浪底水利枢纽,有效库容
小浪底水利枢纽,防洪标准
小浪底水利枢纽,凌汛
河床,小浪底水利枢纽
水布垭混凝土面板堆石坝,中游
水布垭混凝土面板堆石坝,上游
水布垭混凝土面板堆石坝,下游
水库,水布垭混凝土面板堆石坝
向家坝水利枢纽,下游
库容,向家坝水利枢纽
防洪,向家坝水利枢纽
灌溉,向家坝水利枢纽
向家坝水利枢纽,地下厂房
向家坝水利枢纽,水电站装机容量
河流,旁多水利枢纽
旁多水利枢纽,中游
旁多水利枢纽,下游
灌溉,旁多水利枢纽
心墙,旁多水利枢纽
旁多水利枢纽,泄洪
旁多水利枢纽,灌溉输水
旁多水利枢纽,坝顶高程
水库,旁多水利枢纽
旁多水利枢纽,灌溉面积
旁多水利枢纽,水电站装机容量
旁多水利枢纽,帷幕灌浆
隔河岩水利枢纽,支流
隔河岩水利枢纽,干流
防洪,隔河岩水利枢纽
隔河岩水利枢纽,挡水建筑物
隔河岩水利枢纽,泄水建筑物
隔河岩水利枢纽,引水式水电站
隔河岩水利枢纽,坝顶高程
隔河岩水利枢纽,水电站装机容量
糯扎渡心墙堆石坝,下游
水库,糯扎渡心墙堆石坝
糯扎渡心墙堆石坝,水电站装机容量
流域,龙滩碾压混凝土重力坝
龙滩碾压混凝土重力坝,水电站装机容量
天荒坪抽水蓄能电站,湖流
天荒坪抽水蓄能电站,支流
天荒坪抽水蓄能电站,地下厂房
天荒坪抽水蓄能电站,主坝
天荒坪抽水蓄能电站,副坝
天荒坪抽水蓄能电站,泄洪
天荒坪抽水蓄能电站,挡水建筑物
闸门,天荒坪抽水蓄能电站
溢洪道,天荒坪抽水蓄能电站
库容,天荒坪抽水蓄能电站
水泵,天荒坪抽水蓄能电站
水轮机,天荒坪抽水蓄能电站
沙牌碾压混凝土拱坝,支流
沙牌碾压混凝土拱坝,垫座
水库,沙牌碾压混凝土拱坝
大伙房水库输水工程,跨流域调水
水利,大伙房水库输水工程
流域,大伙房水库输水工程
淮安枢纽,苏北灌溉总渠
淮安枢纽,泄洪
灌溉,淮安枢纽
临淮岗防洪枢纽,干流
临淮岗防洪枢纽,中游
河流,临淮岗防洪枢纽
临淮岗防洪枢纽,上游
水库,临淮岗防洪枢纽
临淮岗防洪枢纽,蓄洪
堤,临淮岗防洪枢纽
临淮岗防洪枢纽,防洪标准
临淮岗防洪枢纽,主坝
临淮岗防洪枢纽,副坝
临淮岗防洪枢纽,引河
临淮岗防洪枢纽,泄洪
临淮岗防洪枢纽,坝顶高程
曹娥江大闸,下游
曹娥江大闸,支流
曹娥江大闸,防潮
曹娥江大闸,水资源开发
曹娥江大闸,泄洪
堤,曹娥江大闸
河床,曹娥江大闸
南水北调工程,抽水机
水库,南水北调工程
南水北调工程,干流
水利枢纽,南水北调工程
河流,南水北调工程
南水北调工程,下游
施工组织设计,设计概算
施工组织设计,投标
水利工程,施工组织设计
施工组织设计,初步设计
施工组织设计,施工进度计划
水利工程,有效施工天数
设计概算,初步设计
设计概算,概算定额
水利,设计概算
设计概算,招标
施工图预算,施工组织设计
施工图预算,预算定额
施工预算,施工定额
施工预算,施工组织设计
直接费,机械台班费
间接费,直接费
预备费,防汛
预备费,抢险
定额管理,施工进度计划
概算定额,预算定额
重力坝,概算定额
概算定额,初步设计
心墙,预算定额
预算定额,闸墩
预算定额,施工预算
河床,材料储备期
设备利用率,设备完好率
施工运输,连续运输
卷扬道,绞车
连续运输,带式运输机
连续运输,螺旋运输机
水利工程,带式运输机
水利工程,螺旋运输机
起重机,绞车
起重机,起重桅杆
起重机,井式升降机
井式升降机,绞车
水利工程,起重机
起重机,混凝土浇筑
水利工程,自行式起重机
水工建筑物,自行式起重机
自行式起重机,混凝土浇筑
水利工程,塔式起重机
塔式起重机,混凝土浇筑
门座起重机,水电站厂房
重力坝,双悬臂起重机
河流,缆索起重机
水利枢纽,缆索起重机
塔带机,混凝土浇筑
塔带机,塔式起重机
水利,胎带机
胎带机,混凝土浇筑
沼泽,铲运机
堤,铲运机
土石方压实机械,羊足碾
土石方压实机械,气胎碾
土石方压实机械,蛙式打夯机
土石方压实机械,振动碾
水利工程,平碾
水利工程,羊足碾
气胎碾,羊足碾
水利工程,气胎碾
水利工程,振动碾
振动碾,土石坝
起重机,夯土机
蛙式打夯机,土方压实
堆石坝,边墙挤压机
水利,土石方开挖工程
溢洪道,土石方开挖工程
土石方开挖工程,地下厂房
水工建筑物,土石方开挖工程
爆破,土石方开挖工程
土石方开挖工程,定向爆破
土石方调配,土石坝
土石方调配,泄水建筑物
溢洪道,土石方调配
土石方调配,水工隧洞
爆破,难方开挖
水利,土石方填筑工程
堤,土石方填筑工程
土石方填筑工程,围堰
土石方填筑工程,压实参数
水工建筑物,土石方填筑工程
压实参数,振动碾
压实参数,气胎碾
压实参数,压实试验
压实试验,土石方填筑工程
压实试验,土石坝
水利工程,堆石薄层碾压法
水泵,泥浆泵
水工建筑物,水力冲填
流速,水力冲填
水力冲填,水枪
水力冲填,泥浆泵
心墙,水力冲填
水力冲填,斜墙
水力冲填,均质土坝
水力冲填,围堰
堤,水力冲填
进占法,推土机
后退法,推土机
土砂松坡接触平起法,反滤层
土砂松坡接触平起法,坝壳
土砂松坡接触平起法,土石坝
反滤,土砂松坡接触平起法
土砂松坡接触平起法,平碾
留台法,土石坝
留台法,坝壳
削坡法,土石坝
削坡法,坝壳
削坡法,推土机
堆石坝,斜坡碾压
斜坡碾压,上游
堆石坝,挤压式边墙施工法
挤压式边墙施工法,垫层
挤压式边墙施工法,上游
挤压式边墙施工法,平碾
水利,爆破
爆破,炸药
炸药,爆破机理
炸药,爆破作用圈
爆破漏斗,自由面
炸药,爆破漏斗
爆破漏斗,爆破作用指数
爆破漏斗,松动爆破
最小抵抗线,自由面
爆破,最小抵抗线
炸药,最小抵抗线
爆破,自由面
炸药,自由面
爆破作用指数,最小抵抗线
爆破作用指数,定向爆破
炸药,松动爆破
松动爆破,单位耗药量
松动爆破,最小抵抗线
抛掷爆破,最小抵抗线
抛掷爆破,爆破作用指数
抛掷爆破,定向爆破
水利工程,抛掷爆破
水利,炸药
炸药,单位耗药量
爆破,单位耗药量
单位耗药量,爆破作用指数
水利,炸药威力
爆破,炸药敏感度
爆破,炸药氧平衡
爆破,装药最佳密度
爆破,不耦合装药
不耦合装药,光面爆破
爆破,导火索
导火索,防潮
导爆索,雷管
导爆索,导火索
导爆管,导爆索
水利工程,导爆管
炸药,雷管
火花起爆,雷管
炸药,火花起爆
火花起爆,导火索
爆破,火花起爆
炸药,电力起爆
电力起爆,水下爆破
导爆管起爆,雷管
炸药,导爆管起爆
起爆网络,导爆管
起爆网络,导爆索
爆破,起爆网络
起爆网络,电力起爆
起爆网络,导爆管起爆
起爆网络,导爆索起爆
浅孔爆破法,地下厂房
深孔爆破法,单位耗药量
炸药,硐室爆破法
硐室爆破法,定向爆破筑坝
裸露爆破法,覆盖
控制爆破,微差爆破
控制爆破,定向爆破
控制爆破,预裂爆破
光面爆破,控制爆破
预裂爆破,不耦合装药
缓冲孔爆破,控制爆破
缓冲孔爆破,预裂爆破
缓冲孔爆破,不耦合装药
微差爆破,雷管
炸药,微差爆破
炸药,水下爆破
挖泥船,水下爆破
水下爆破,沉船
爆破,瞎炮
炸药,瞎炮
瞎炮,雷管
水利工程,固定式模板
固定式模板,尾水管
涵洞,固定式模板
拆移式模板,标准模板
水利工程,拆移式模板
标准模板,混凝土浇筑
水利工程,标准模板
移动式模板,混凝土浇筑
衬砌,移动式模板
反滤,真空模板
模板周转率,固定式模板
模板周转率,拆移式模板
水利工程,振动筛
流速,水力分砂器
水利工程,堆取料机
起重机,混凝土运输
混凝土运输,塔式起重机
混凝土运输,塔带机
混凝土运输,胎带机
混凝土泵,隧洞衬砌
起重机,混凝土吊罐
混凝土吊罐,自卸汽车
水利工程,混凝土浇筑
冲毛枪,混凝土浇筑
冲毛枪,施工缝
仓面喷雾机,覆盖
仓面喷雾机,混凝土浇筑
蒸发,仓面喷雾机
混凝土养护,覆盖
成熟度,混凝土养护
蒸汽养护,混凝土养护
电热养护,混凝土养护
暖棚养护,混凝土养护
混凝土真空作业,真空模板
混凝土真空作业,真空泵
水利工程,混凝土真空作业
混凝土真空作业,挑流鼻坎
流速,混凝土水下浇筑法
混凝土分部浇筑,混凝土浇筑
混凝土温度控制,纵缝
施工缝,纵缝
施工缝,斜缝
施工缝,凿毛
施工缝,冲毛
廊道,骨料预冷
水管冷却,混凝土浇筑
分缝分块浇筑法,施工缝
分缝分块浇筑法,混凝土浇筑
分缝分块浇筑法,冲毛
分缝分块浇筑法,垂直缝
分缝分块浇筑法,斜缝
分缝分块浇筑法,通仓浇筑法
通仓浇筑法,混凝土浇筑
灌浆,通仓浇筑法
凿毛,冲毛
冲毛,混凝土浇筑
冲毛,水枪
VC值,压实参数
VC值,碾压混凝土坝
变态混凝土,干贫混凝土
碾压混凝土,变态混凝土
变态混凝土,碾压混凝土坝
变态混凝土,上游
变态混凝土,振动碾
廊道,变态混凝土
通仓薄层浇筑,碾压混凝土坝
重力坝,通仓薄层浇筑
层面处理,碾压混凝土坝
层面处理,冲毛
层面处理,上游
混凝土切缝机,碾压混凝土坝
堤,模袋混凝土
模袋混凝土,水下施工
地下建筑物施工,地下厂房
地下建筑物施工,新奥法
衬砌,地下建筑物施工
地下建筑物施工,固结灌浆
炸药,钻孔爆破开挖法
钻孔爆破开挖法,台阶开挖法
钻孔机具,潜孔钻
水利工程,凿岩机
凿岩机,潜孔钻
全断面隧道掘进机,动强度
盾构开挖法,盾构掘进机
盾构开挖法,千斤顶
衬砌,盾构开挖法
盾构开挖法,泥浆泵
衬砌,盾构掘进机
盾构掘进机,隧洞衬砌
止水,隧洞沉埋法
爆破,全断面开挖法
全断面开挖法,单位耗药量
台阶开挖法,漏斗棚架
台阶开挖法,分层开挖
炸药,导洞开挖法
导洞开挖法,单位耗药量
爆破,竖井导井开挖法
爆破,掏槽孔
爆破,崩落孔
崩落孔,掏槽孔
爆破,周边孔
周边孔,凿岩机
周边孔,崩落孔
衬砌,隧洞坍方
隧洞坍方,冻结
爆破,炮眼利用率
衬砌,硐室支护
小型装岩机,绞车
大型装岩机,装载机
大型装岩机,推土机
爆破,硐室通风
止水,喷射混凝土衬砌
钢模台车,隧洞衬砌
钢模台车,千斤顶
新奥法,微差爆破
新奥法,光面爆破
新奥法,柔性支护
水利,新奥法
封拱,混凝土浇筑
封拱,千斤顶
封拱,混凝土泵
地下连续墙施工法,泥浆固壁
铣削法,槽孔
铣削法,围堰
铣削法,混凝土防渗墙
挖槽机,稳定液
冲击式钻机,减压井
冲抓锥,绞车
回转式钻机,泥浆泵
回转式钻机,绞车
液压铣槽机,防渗墙
液压铣槽机,冲击式钻机
泥浆固壁,槽孔
塑性混凝土,防渗墙
自凝灰浆,防渗墙
自凝灰浆,混凝土防渗墙
堤,自凝灰浆
自凝灰浆,围堰
槽孔,防渗墙
单元槽段,挖槽机
起重机,单元槽段
分层开挖,单元槽段
固结灌浆,全孔一次灌浆法
固结灌浆,全孔分段灌浆法
帷幕灌浆,上游
帷幕灌浆,挡水建筑物
渗漏,帷幕灌浆
土坝,帷幕灌浆
帷幕灌浆,铺盖
帷幕灌浆,回转式钻机
砂砾地基灌浆,土石坝
砂砾地基灌浆,套管灌浆法
砂砾地基灌浆,循环钻灌法
砂砾地基灌浆,灌浆试验
廊道,接触灌浆
回填灌浆,混凝土浇筑
纵缝灌浆,止浆片
纵缝灌浆,灌浆区
灌浆设备,回转式钻机
灌浆设备,灌浆压力
循环灌浆法,帷幕灌浆
灌浆,循环钻灌法
循环钻灌法,灌浆压力
打管灌浆法,砂砾地基灌浆
灌浆浆液浓度,灌浆压力
灌浆浆液浓度,帷幕灌浆
灌浆浆液浓度,固结灌浆
灌浆试验,灌浆压力
灌浆试验,灌浆设备
灌浆压力,覆盖
灌浆,可灌比
预埋花管法,砂砾地基灌浆
预埋花管法,泥浆固壁
锤击法沉桩,打桩锤
射水法沉桩,锤击法沉桩
射水法沉桩,振动法沉桩
止水,射水法沉桩
打桩机,绞车
打桩船,打桩机
打桩锤,振动法沉桩
排水固结法,垫层
排水固结法,砂井排水法
水泥粉煤灰碎石桩,混凝土泵
水下施工,水下爆破
水下施工,水下切割
水下施工,护底
挖泥船,泥浆泵
吸扬式挖泥船,泥浆泵
吸扬式挖泥船,耙吸式挖泥船
绞吸式挖泥船,泥浆泵
流速,绞吸式挖泥船
耙吸式挖泥船,泥浆泵
水域,耙吸式挖泥船
吹填,耙吸式挖泥船
起重机,抓斗式挖泥船
抓斗式挖泥船,绞车
抓斗式挖泥船,水下爆破
铲斗式挖泥船,绞车
铲斗式挖泥船,水下爆破
链斗式挖泥船,泥浆泵
水利工程,链斗式挖泥船
吹填,泥浆泵
挖泥船,吹填
吹填土,泥浆泵
蒸发,吹填土
吹填,泥场
水位,泥场
截流,抛石船
启闭机,抛石船
抛石,基床平整
抛石,基床水下夯实
潜水作业,水下施工
潜水用具,潜水作业
起重机,沉箱法施工
挖泥船,水下管道敷设
水下管道敷设,水下爆破
水下管道敷设,推土机
起重机,水下切割
海上作业平台,打桩机
起重机,海上作业平台
降水,土钉墙
喷灌,高压喷射灌浆法
堤,垂直铺塑法
水库,垂直铺塑法
土坝,垂直铺塑法
水工建筑物,围堰
围堰,上游
围堰,下游
导流方式,围堰
导流方式,下游
水工建筑物,导流方式
导流方式,隧洞导流
导流方式,明渠导流
导流方式,涵管导流
导流方式,渡槽导流
导流方式,底孔导流
明渠导流,泄水建筑物
衬砌,明渠导流
河床,明渠导流
流量,明渠导流
隧洞导流,泄水建筑物
隧洞导流,泄洪
底孔导流,宽缝重力坝
底孔导流,支墩坝
截流,底孔导流
河流,涵管导流
涵管导流,土石坝
河床,渡槽导流
流量,渡槽导流
河流,渡槽导流
洪水,导流标准
导流标准,导流建筑物
导流标准,泄水建筑物
导流设计流量,导流建筑物
导流设计流量,封孔蓄水
导流设计流量,龙口
截流,导流设计流量
导流设计流量,施工通航
导流设计流量,下游
导流设计流量,围堰
水利工程,导流方案
导流方案,导流方式
水工建筑物,导流方案
河流,导流方案
导流方案,导流建筑物
汛期,施工拦洪水位
施工拦洪水位,泄水建筑物
施工拦洪水位,设计洪水
施工拦洪水位,上游
施工拦洪水位,围堰
施工拦洪水位,土石坝
封孔蓄水,上游
封孔蓄水,下游
水利枢纽,施工通航
施工通航,三峡水利枢纽
截流,泄水建筑物
截流,落差
流速,截流
截流,围堰
截流,水力冲填
水文预报,截流设计流量
截流,进占
河床,进占
戗堤,平堵
截流,平堵
平堵,堵口
平堵,龙口
流量,平堵
平堵,下游
立堵,龙口
立堵,进占
立堵,堵口
立堵,龙口落差
流量,立堵
流速,立堵
立堵,石笼
截流戗堤,龙口
截流戗堤,围堰
单戗堤截流,上游
单戗堤截流,落差
流速,单戗堤截流
多戗堤截流,下游
多戗堤截流,进占
宽戗堤截流,截流戗堤
宽戗堤截流,龙口
截流,抛投物料
抛投物料,落差
截流,护底
河床,护底
护底,下游
护底,堵口
河流,护底
护底,龙口
裹头,龙口
戗堤,裹头
裹头,石笼
龙口落差,下游
流速,龙口落差
人工降低地下水位,井点排水
人工降低地下水位,管井排水
水泵,井点排水
井点排水,真空泵
电渗排水,井点排水
水泵,电渗排水
管井排水,深井泵
系统工程,系统分析
系统分析,运筹学
系统分析,成本效益分析
系统分析,投资效果分析
运筹学,数学规划
运筹学,系统工程
水利,数学规划
数学规划,施工组织设计
水利,施工动态仿真
水利,监控与预测信息
水利,施工实时控制
施工实时控制,反馈
水利,仿真建模
数字大坝,物联网
水利,网络计划
网络计划,施工进度计划
环境水利,环境水文学
环境水利,水质调查
水利工程,环境水利
环境水利,环境影响评价
流域,环境水利
环境水利,水污染综合防治
环境水文学,水文循环
环境水文学,非点源污染
暴雨,环境水文学
径流,环境水文学
水利工程,环境水文学
水体污染,水体自净
灌溉,水体污染
水体污染,富营养化
水域,水体污染
点污染源,水体污染
点污染源,生活污水
点污染源,工业废水
降水,非点源污染
径流,非点源污染
非点源污染,受纳水体
湖泊,非点源污染
水库,非点源污染
非点源污染,富营养化
非点源污染,生活污水
非点源污染,农田排水
水污染物,水土流失
水污染物,生活污水
工业废水,污染源
水资源,工业废水
化学性污染,水体自净
水利,化学性污染
水体中可溶性盐类,淡水
水体中可溶性盐类,溶解氧
悬浮固体污染物,吸附
径流,水体放射性污染物
流速,污染物扩散
污染物扩散,动强度
水质指标,溶解氧
水质指标,化学需氧量
溶解氧,生活污水
生化需氧量,溶解氧
化学需氧量,水体污染
总氮,氨氮
水质监测,污染源
水系,水质监测站网
水质监测站网,污染源
湿地,水质监测站网
水域,水质监测站网
水质监测站网,支流
湖泊,水质监测站网
水库,水质监测站网
河流,水质监测站网
水质监测项目,电导率
水质监测项目,溶解氧
水质监测项目,生化需氧量
水质监测项目,化学需氧量
水质监测项目,总有机碳
水质监测项目,氨氮
水质监测项目,总磷
采样,水质监测断面
水质监测断面,下游
水经,水质监测断面
水质监测断面,上游
河流,水质监测断面
流量,水质采样器
水质采样器,戽斗
采样点,支流
采样点,上游
采样点,下游
河流,采样
水质混合样,水质监测断面
河流,水质混合样
水质监测,水质调查
水质调查,环境规划
河流,水质调查
水系,水质调查
湖泊,水质调查
水库,水质调查
河流,水质度量单位
流量,水质度量单位
水质本底值,水体污染
水质本底值,环境影响评价
流量,污水排放量
污水排放量,受纳水体
污染物降解,吸附
水体自净,吸附
河床,底泥沉积物释放
湖泊,底泥沉积物释放
湖泊内源污染,污染源
湖泊外源污染,地面径流
湿地,浅水湖泊
氧亏,溶解氧
止水,河流复氧
河流复氧,支流
河流,同化能力
流量,同化能力
流速,同化能力
同化能力,溶解氧
河流,氧下垂曲线
氧下垂曲线,溶解氧
流速,复氧系数
湖泊,富营养化
富营养化,溶解氧
富营养化,生活污水
水库分层,溶解氧
溶解氧超饱和,泄水建筑物
溶解氧超饱和,泄洪
溶解氧超饱和,下游
河流,水土交界面
湖泊,水土交界面
水库,水土交界面
解吸,吸附
水华,淡水
水质评价,水资源开发
水质目标,水质指标
水域,受损水体
湖泊,受损水体
受损水体,污染源
环境保护目标,环境规划
湿地,国控断面
现状评价,环境规划
文化,环境敏感目标
环境敏感目标,饮用水水源保护区
湿地,环境敏感目标
环境敏感目标,水土流失
环境敏感目标,富营养化
水域,环境敏感目标
水污染综合评价,水质指标
水域,水环境容量
防洪,湿地环境效应
止水,湿地环境效应
文化,环境友好社会
环境可持续发展,淡水
水域,水环境质量标准
水资源,水环境质量标准
水环境质量标准,灌溉水质
水污染物排放标准,污染源
水功能区划,水资源开发
水域,水功能区划
水资源,水功能区划
径流,非点源污染物控制
非点源污染物控制,污染源
湿地,非点源污染物控制
水利工程,人工复氧
河流,人工复氧
水域,水库冷害
流速,水库冷害
水库冷害,下游
污染物总量控制,污染源
水污染综合防治,循环用水
流域,水污染综合防治
水污染物,水污染综合防治
河流,生态环境调水
湖泊,生态环境调水
生态环境调水,水体自净
水系,生态环境调水
湿地,生态环境调水
生态环境调水,引江济太
水资源,生态环境调水
引江济太,湖流
湖泊,引江济太
流域,引江济太
引江济太,水质型缺水
引江济太,水资源配置
水利枢纽,引江济太
引江济太,下游
水利,引江济太
水利信息,水利基础信息
水利信息,水资源信息
水利信息,水环境信息
水利信息,水生态信息
河流,水利基础信息
湖泊,水利基础信息
水利基础信息,水文信息
水灾害信息,抢险
洪水,水灾害信息
水灾害信息,山洪
涝,水灾害信息
水灾害信息,渍
干旱,水灾害信息
水资源信息,水资源管理
流域,水资源信息
湖泊,水环境信息
水库,水环境信息
沼泽,水环境信息
冰川,水环境信息
水域,水生态信息
流域,水生态信息
水功能区,水生态信息
农村水利信息,农田水利
农村水利信息,水土保持
农村水利信息,盐碱地改良
沼泽,农村水利信息
农村水利信息,围垦
堤,水利工程信息
水库,水利工程信息
水闸,水利工程信息
水利工程信息,蓄滞洪区
水利政务信息,设备管理
蒸发,智慧流域
径流,智慧流域
水利工程,智慧流域
智慧流域,物联网
水利,智慧流域
防洪,智慧流域
智慧流域,水资源管理
水利信息化基础设施,水利专网
水利信息化基础设施,水利数据中心
水利信息,水利数据中心
流域,水利专网
水利信息采集系统,水文自动测报系统
水利信息采集系统,水土保持
水利工程监控系统,自动控制
水闸,水利工程监控系统
泵站,水利工程监控系统
水利工程监控系统,大坝安全监控
水信息存储和管理系统,数据库
水信息存储和管理系统,质量管理
水利业务应用系统,防汛
水利业务应用系统,水资源管理
水利业务应用系统,水土保持
水利业务应用系统,农村水利
水利工程,水利业务应用系统
决策支持系统,运筹学
水利,决策支持系统
决策支持系统,防汛
决策支持系统,水资源管理
水利信息技术,遥测
水利信息技术,遥感
水利信息技术,自动控制
水利信息技术,物联网
水利信息技术,数据通信
水利信息技术,计算机网络
水利信息技术,数据库
水利信息技术,智能数据处理
水利信息技术,大数据
水利信息技术,系统集成
水利信息技术,云计算
水利信息技术,地理信息系统
水利信息技术,系统仿真
水利信息技术,信息安全
水利,遥测
水位,遥测
流量,遥测
遥测,降水量
水利,遥感
遥感,水土流失
水利,自动控制
水利工程,自动控制
闸门,自动控制
泵站,自动控制
水利,物联网
水利,数据通信
数据通信,自动控制
水利,计算机网络
计算机网络,覆盖
水利信息,计算机网络
水利,数据库
水利,智能数据处理
水利,大数据
水利,系统集成
水利,云计算
云计算,系统集成
水利,地理信息系统
防洪,地理信息系统
地理信息系统,水资源管理
地理信息系统,水土保持
系统仿真,系统分析
水利,系统仿真
河流,系统仿真
水利,信息安全
水利,水文化
水文化,水利文化
水工程文化,物质形态水文化
水工程文化,坎儿井
城河,覆盖
垛田,河网
湿地,垛田
垛田,农田水利
文化,垛田
哈尼梯田,农田水利
文化,哈尼梯田
哈尼梯田,覆盖
水工具文化,物质形态水文化
汲水工具,辘轳
水车,汲水工具
汲水工具,桔槔
文化,汲水工具
水文化,渡水工具
文化,渡水工具
文化,水力工具
水资源,水力工具
文化,镇水工具
水文化,镇水工具
镇水工具,物质形态水文化
降水,水景观文化
水景观文化,气态水
雪,水景观文化
水利工程,水利风景区
水域,水利风景区
文化,水利风景区
白鹤梁,上游
枯水,白鹤梁
白鹤梁,水文化遗产
白鹤梁,枯水年
白鹤梁,水尺
水文学,白鹤梁
白鹤梁,水利史
渔梁坝,上游
灌溉,渔梁坝
文化,渔梁坝
龙王庙,水文化遗产
水域,龙王庙
文化,嘉应观
嘉应观,水文化遗产
水利工程,都江堰放水节
灌溉,都江堰放水节
行为形态水文化,物质形态水文化
行为形态水文化,精神形态水文化
水利,治水社会
水资源,治水社会
水利,漕运优先
湖泊,围水造田
围水造田,围垦
洪水,围水造田
围水造田,下游
分洪,围水造田
围水造田,滞洪
水系,人水和谐
人水和谐,涝灾
干旱,人水和谐
人水和谐,水土流失
水资源,人水和谐
水利,人水和谐
水利工程,人水和谐
人水和谐,水资源保护
人水和谐,水经注
干旱,节水文化
水资源,节水文化
水资源,节水型社会
节水型社会,水资源开发
节水型社会,水资源管理
节水型社会,水危机
中国航海日,世界海事日
文化,中国航海日
精神形态水文化,物质形态水文化
水文化,《老子》说水
水文化,《论语》说水
水文化,《孟子》说水
水利,《孟子》说水
《管子》说水,城市水利
水利,《管子》说水
河流,《管子》说水
堤,《管子》说水
《管子》说水,滞洪
水文化,《荀子》说水
文化,《荀子》说水
文化,《河图》与水
文化,“五行”与水
水文化,“五行”与水
文化,“八卦”与水
水利,大禹精神
水利精神,大禹精神
水利工程,红旗渠精神
水利,红旗渠精神
98抗洪精神,抢险
三峡移民精神,三峡水利枢纽
水利,三峡移民精神
水利,河流辩证法
河床,河流辩证法
水库,河流辩证法
水利科学,“水灾害双重属性”理论
水利,“水灾害双重属性”理论
水利,河流伦理
水文化,河流伦理
文化,河流伦理
河流,地域水文化
流域,地域水文化
水文化,河流文化
河流文化,淡水
水利,河流文化
水文化,海洋文化
文化,海上丝绸之路
文化,妈祖
文化,疍民
