水利,水资源
水利,涝
水资源,淡水
水资源,径流
水利普查,水资源开发
水利系统,水利枢纽
水利系统,流域
水利系统,水利资源
城市水利,水害
水域,洪水
流域规划,水利资源
流域规划,水利资源
长江流域综合规划,水资源
长江流域综合规划,水害
长江流域综合规划,蓄滞洪区
长江流域综合规划,节水型社会
跨流域开发,水利资源
跨流域开发,引水建筑物
跨流域开发,水力发电
跨流域开发,流域
跨流域调水,流域
红水河梯级开发,防洪标准
黄河治理,洪灾
黄河治理,堤
黄河治理,堤
淮河治理,水利资源
淮河治理,大型灌区
淮河治理,水利枢纽
淮河治理,水库
水利工程,涝
水利枢纽,水利资源
水利枢纽,落差
水利枢纽,溢洪道
水库,径流
水库,水位
水库,地下水库
串联水库,水库
串联水库,下游
串联水库,水利资源
注入式水库,客水
注入式水库,洪水
平原水库,堤
平原水库,渗漏
平原水库,渍
地下水库,截水墙
地下水库,水库
水库特征水位,流域面积
水库正常蓄水位,水库
水库正常蓄水位,水位
水库设计洪水位,设计洪水
水库设计洪水位,水位
水库防洪限制水位,洪水
水库防洪限制水位,共用库容
水库防洪限制水位,库容
水库防洪限制水位,防洪库容
水库防洪限制水位,共用库容
水库防洪限制水位,兴利库容
水库校核洪水位,设计洪水
水库校核洪水位,调洪演算
水库校核洪水位,有效库容
水库校核洪水位,库容
水库防洪高水位,防洪标准
水库防洪高水位,流量
水库消落深度,水库
死库容,洪水
有效库容,径流调节
有效库容,库容
有效库容,兴利库容
有效库容,调洪库容
有效库容,共用库容
防洪库容,流量
防洪库容,库容
防洪库容,洪水
防洪库容,兴利库容
防洪库容,库容
拦洪库容,设计洪水
调洪库容,洪水
调洪库容,水库校核洪水位
径流调节,水库
径流调节,水利
径流调节,水库
水库调节周期,水库死水位
多年调节,丰水年
年调节,日调节
反调节,径流
反调节,水库
反调节,径流
反调节,日调节
反调节,水库
补偿调节,流量
水库调度,防洪库容
水库调度,水库
水库调度,水资源
水量累积曲线,流量
水量累积曲线,流量
水量累积曲线,流量
库区防渗,渗漏
库盘防渗,水库
库盘防渗,水库
宋史·河渠志,水利史
元史·河渠志,堤
清史稿·河渠志,水利
水经,水系
吴中水利书,水利
吴中水利书,涝
至正河防记,决口
至正河防记,河槽
至正河防记,决口
至正河防记,沉船
河防通议,堤
治水筌蹄,水经
治水筌蹄,堤
治水筌蹄,河床
浙西水利书,水利
三吴水利录,水利
河防一览,堤
河防一览,堤
河防一览,堤
河防一览,堤
泰西水法,水利
泰西水法,筒车
泰西水法,雪
治河方略,堤
钦定河源纪略,河源
河工蠡测,堤
河工蠡测,堤
河工蠡测,堤
河工蠡测,堤
河干问答,堤
筑圩图说,圩
河渠纪闻,水利
水道提纲,支流
畿辅水利议,水利
畿辅水利议,坎儿井
畿辅水利议,水利
畿辅水利议,沟洫
西域水道记,水系
荆州万城堤志,堤
金堤,堤
六门陂,引水灌溉
洪泽湖大堤,平原水库
洪泽湖大堤,洪水
洪泽湖大堤,水位
木兰陂,山洪
松花坝,水库
松花坝,溢洪道
松花坝,水利工程
荆江大堤,金堤
荆江大堤,堤
荆江大堤,堤
荆江大堤,堤
三江闸,水位
嘉南大圳,土坝
陕西八惠,水利
吴江水则碑,水位
涪陵石鱼,水位
涪陵石鱼,水情
水文学,水资源
水文学,工程水文学
地下水水文学,涝
系统水文学,洪水
水汽输送,径流量
水汽输送,水文循环
水文年度,枯水
水文实验,流域
水文实验,水文模型
流域面积,数字高程模型
流域面积,分水线
数字高程模型,水系
河流,地面径流
间歇河,雪
河网密度,流域面积
干流,径流
支流,干流
支流,干流
湖泊,径流
湖泊,内陆湖
湖泊,淡水湖
内陆湖,淡水湖
外流湖,湖泊
构造湖,湖盆
堰塞湖,引水建筑物
无流区,径流
沼泽,湿地
沼泽,草甸沼泽
高山冰川,大陆冰川
高山冰川,冰川
高山冰川,冰川
降水量,雨量
气旋雨,洪水
台风雨,暴雨
台风雨,洪水
对流雨,洪水
对流雨,洪水
淫雨,气旋雨
人工降水,降水
汛期,防汛
春汛,雪
伏汛,淫雨
伏汛,暴雨
伏汛,暴雨
秋汛,主汛期
秋汛,防汛
涨水,流速
涨水,流速
退水,流速
退水,流速
河流冰情,洪水
凌汛,堤
封冻,冻结
封冻,冰盖
文开河,凌汛
武开河,冰坝
武开河,凌汛
雪线,雪
雪线,雪
水文站,水文资料
水文站,水位
水文站,雨量
水文测验,水文调查
雨量器,雨量
自记雨量计,雨量
自记雨量计,雨量
自记雨量计,雨量
水位,落差
水面蒸发器,水面蒸发
历时曲线,流量
截留,雨量
填洼,下渗
下渗,土壤孔隙
植物散发,水面蒸发
植物散发,土壤蒸发
潜水蒸发,水面蒸发
潜水蒸发,土壤蒸发
潜水蒸发,碱化
径流,径流量
径流,径流量
地面径流,蒸发
地面径流,河槽
壤中径流,河槽
暴雨径流,洪水
暴雨径流,淫雨
暴雨径流,洪水
枯水径流,径流
融雪径流,雪
融雪径流,春汛
径流预报,雪
施工水文预报,围堰
施工水文预报,流量
施工水文预报,水位
蓄满产流,径流
蓄满产流,雨量
超渗产流,径流
超渗产流,雨量
降雨径流关系,径流量
径流系数,径流
单位线,雨量
新安江模型,径流
新安江模型,水文模型
新安江模型,地面径流
新安江模型,壤中径流
均值@@@@,水文特征值
均值@@@@,雨量
偏态系数,水文特征值
重现期,流量
频率曲线,水文特征值
正常径流量,径流量
设计年径流,径流量
径流模数,流量
暴雨频率,重现期
设计暴雨,涝
设计暴雨,涝
设计暴雨,设计标准
设计暴雨,设计洪水
暴雨移置,流域
暴雨移置,流域
暴雨移置,雨量
可能最大降水,降水
可能最大降水,洪水
设计洪水,涝
设计洪水,涝
设计洪水,设计标准
设计洪水,流量
设计洪水,流量
设计洪水,流量
古洪水,洪水
世界水资源,咸水
世界水资源,淡水
淡水,水资源
咸水,碱化
水资源总量,下渗
水资源开发,水库
水资源开发,流域
水资源可持续利用,水资源利用
水资源可持续利用,水资源
可供水量,水能
可供水量,水能
水资源供需平衡分析,水能
水资源评价,水资源
水资源规划,水资源
水资源配置,水资源规划
水资源管理,水资源
资源型缺水,水资源承载能力
资源型缺水,跨流域调水
非常规水资源,水资源
洪水资源化,防洪工程措施
洪水资源化,水资源
洪水资源化,可供水量
雨水利用,降水
海水淡化,淡水
海水淡化,淡水
海水淡化,淡水
地下含水层,水能
地下含水层,重力水
水功能区,水域
水功能区,水资源可持续利用
防洪,防洪工程
防洪,防洪标准
防洪工程,水库
防洪工程,堤
防洪工程,湖泊
防洪工程,泄洪
防洪工程,水土保持
防洪工程措施,堤
防洪工程措施,湖泊
防洪工程措施,泄洪
防洪非工程措施,洪灾
防洪非工程措施,洪水预报
防洪应急预案,洪水
水库防洪,库容
水库防洪,蓄洪
水库防洪,防洪
水库防洪,水库
水库调洪方式,防洪调度
防洪补偿调节,洪水
防洪补偿调节,安全泄量
防洪错峰调节,流量
防洪错峰调节,水位
洪灾,径流量
洪灾,堤
洪灾,雪
洪灾,泄洪能力
洪灾,泄洪能力
洪灾,泄洪能力
冰凌灾害,河流
冰凌灾害,冰盖
冰凌灾害,冰坝
冰凌灾害,堤
洪水,雪
洪水期,雪
洪水期,水资源
后汛期,前汛期
后汛期,下游
后汛期,降水
枯水,径流
枯水,蒸发
枯水期,径流量
超标准洪水,设计标准
超标准洪水,设计标准
1998年洪水,暴雨
1998年洪水,流量
1998年洪水,决口
1998年洪水,垸
“75·8”洪水,雨量
洪水风险图,洪水风险
防洪风险率,洪灾
防洪调度,洪水
洪水预报系统,洪水预报
洪峰,流量
山洪,谷坊
防汛,洪灾
防汛,水情
防汛,报汛
防汛,险情
报汛,水情
潮汛,险情
防台,险工
警戒水位,险情
警戒水位,水位
警戒水位,堤
设防水位,水位
保证水位,水位
保证水位,水位
保证水位,防汛
保证水位,防洪工程
保证水位,险情
分洪水位,水情
分洪水位,水情
安全泄量,险情
安全泄量,水能
安全泄量,洪灾
安全泄量,流量
泄洪能力,泄水建筑物
泄洪能力,流量
蓄洪,流量
蓄洪,洪水
蓄洪,流量
分洪,安全泄量
分洪,分洪闸
分洪,流量
分洪,分洪区
分洪,水闸
分洪,下游
分洪,分洪区
泄洪,泄洪能力
泄洪,堤
滞洪,流量
滞洪,洪峰
行洪,泄洪能力
行洪,洪水
行洪,行洪区
行洪,泄洪能力
行洪,水位
减河,河流
减河,下游
引河,决口
引河,决口
引河,流量
引河,堵口
引河,水利工程
引河,河流
蓄滞洪区,洪水
行洪区,堤
行洪区,洪水
行洪区,堤
行洪区,行洪
分洪区,堤
分洪区,圩
分洪区,堤
分洪区,渍
分洪工程,安全泄量
分洪工程,流量
避洪工程,洪水
分洪道,安全泄量
分洪道,河流
堤,河槽
埝,堤
埝,堤
青坎,堤
青坎,脱坡
保庄圩,涝
保庄圩,涝
庄台,蓄洪
避洪楼,洪水
避洪楼,滞洪
戗堤,散浸
戗堤,马道
导堤,引河
圩堤,堤
子堤,护坡
过水堤,跌水
自溃堤,洪水
戗台,水戗
迎水坡,水库
背水坡,水库
副坝,洪水
副坝,泄洪量
钢木土石组合坝,防渗体
平工,洪水
平工,险工
险工,堤
挑溜,河流
夺溜,引河
夺溜,引河
巡堤查险,散浸
巡堤查险,跌窝
巡堤查险,险情
巡堤查险,抢险
堤防岁修,护坡
堤坝隐患,险情
鼓泡,反滤
脱坡,堤
决口,堤
决口,裹头
抢险,险情
抢险,堤
抢险,泄洪能力
抢险,护坡
抢险,反滤
抢险,散浸
抢险,堤
防凌,冰塞
防凌,堤
防凌,冰坝
防凌,水库
防凌,流量
防凌,水位
防凌,流量
闭气,埽工
闭气,堤
闭气,混凝土防渗墙
龙口,堤
龙口,闭气
反滤围井,水位
反滤围井,堤
填塘固基,险情
河道清障,行洪
堤基防渗,渗漏
梢工,沉排
沉排,梢料
沉排,水位
梢料,堤
石笼,围堰
埽工,堤
埽工,水工建筑物
埽工,截流
埽工,闭气
软厢,埽工
软厢,排桩
软厢,埽工
软厢,堵口
软厢,埽工
软厢,堤
干旱,水资源
干旱指数,降水量
干旱指数,降水量
干旱指数,降水量
干旱指数,降水量
墒情监测,墒情
墒情监测,蒸发
墒情监测,干旱
墒情预报,墒情
抗旱保墒,水能
抗旱保墒,降水
抗旱保墒,降水
抗旱保墒,降水
抗旱天数,灌溉设计标准
抗旱措施,客水
抗旱应急水源,干旱
旱地农业,降水
集雨工程,水利工程
集雨工程,水系
抗旱保水剂,蒸发
抗旱保水剂,蒸腾率
抗旱保水剂,水能
抗旱保水剂,蒸发
抗旱保水剂,土壤温度
农田水利,水情
农田水利,灌溉面积
农田水利基本建设,水利
农田水利基本建设,塘坝
土壤含水量,田间持水量
结合水,吸湿水
毛管水,毛管上升水
重力水,田间持水量
重力水,地下径流
重力水,次生盐渍化
吸湿系数,土壤含水量
田间持水量,蒸发
田间持水量,土壤含水量
田间持水量,径流
持水当量,田间持水量
土壤有效水分,田间持水量
土壤有效水分,毛管破裂含水量
饱和含水量,水能
土水势,基模势
基模势,土壤水
压力势,土水势
土壤水吸力,土水势
土壤水分特征曲线,基模势
张力计,基模势
中子测水仪,土壤含水量
中子测水仪,土壤含水量
γ射线测水仪,土壤含水量
γ射线测水仪,土壤含水量
电导率仪,土壤含水量
蒸渗仪,排水设施
作物灌水指标,干旱
蒸腾比,水情
参考作物需水量,水情
需水量模比系数,灌溉制度
灌溉,播前灌溉
灌溉,地面灌溉
灌溉制度,灌溉工程
灌水定额,渗漏
灌水定额,渠道输水损失
灌溉定额,灌水定额
灌溉定额,渗漏
计划湿润层,灌溉
计划湿润层,灌溉制度
有效降雨量,径流
有效降雨量,灌溉制度
有效降雨量,雨量
有效降雨量,雨量
有效降雨量,雨量
有效降雨量,雨量
深层渗漏量,雨量
水田渗透量,灌溉用水量
灌水模数图,灌水模数
灌水模数图,流量
灌水模数图,灌水模数
灌溉用水量,灌溉
灌溉用水过程线,水库
灌溉用水过程线,流量
储水灌溉,降水
储水灌溉,径流
储水灌溉,播前灌溉
播前灌溉,水资源
播前灌溉,储水灌溉
节水灌溉,喷灌
节水灌溉,灌溉用水量
节水灌溉,灌溉制度
非充分灌溉,灌溉面积
控制灌溉,作物需水量
控制灌溉,灌溉用水量
精准灌溉,水位
精准灌溉,作物需水规律
智能化灌溉,灌溉
智能化灌溉,灌溉
自流灌溉,水位
自流灌溉,水位
自流灌溉,水位
提水灌溉,灌溉
提水灌溉,水位
提水灌溉,水位
灌区,大型灌区
灌溉面积,灌溉
灌溉面积,灌溉
灌溉设计标准,流量
灌溉水源,灌溉
浑水灌溉,洪水
浑水灌溉,流量
浑水灌溉,沟灌
放淤,涝
劣质水灌溉,灌溉
劣质水灌溉,水资源
污水灌溉,工业废水
污水灌溉,水泵
污水灌溉,灌溉面积
污水灌溉,田间工程
污水灌溉,灌水定额
污水灌溉,灌水技术
微咸水灌溉,咸水
微咸水灌溉,灌溉水源
肥水灌溉,淡水
磁化水灌溉,灌溉
磁化水灌溉,碱土
灌溉回归水,灌区
灌溉回归水,河流
灌溉回归水,灌溉面积
灌溉水质,矿化度
灌溉水质,工业废水
灌溉水质,灌溉
矿化度,灌溉
灌溉工程,水泵
灌溉工程,水系
塘坝,地面径流
塘坝,灌溉水源
干渠,支渠
干渠,灌区
斗渠,农渠
斗门,闸门
农门,农渠
农渠,毛渠
毛渠,农渠
毛渠,输水沟
输水沟,灌水沟
输水沟,灌水沟
灌水沟,沟灌
长藤结瓜式灌溉系统,灌溉面积
渠道防渗,水能
渠道防渗,水安全
人工淤填,渗漏
人工淤填,下渗
人工淤填,流速
配水井,闸门
配水井,地下渠道
给水栓,流量
条田,田间工程
条田,渍
灌水技术,土壤有效水分
地面灌溉,灌溉
畦灌,流量
畦灌,流量
膜上灌,渗漏
膜上灌,蒸发
涌流灌溉,渗漏
淹灌,格田
水浆管理,灌溉
微灌,滴头
微灌,喷头
微喷灌,喷头
微喷灌,灌溉
微喷灌,地面灌溉
脉冲喷灌,喷灌
喷灌强度,径流
中压喷头,喷头
射流式喷头,喷灌均匀度
摇臂式喷头,喷头
散水式喷头,蜗壳
缝隙式喷头,喷灌
缝隙式喷头,喷头
地埋式喷头,灌溉
恒压喷灌系统,水泵
恒压喷灌系统,喷头
半固定式喷灌系统,喷灌系统
半固定式喷灌系统,喷头
中心支轴式喷灌机,喷头
平移自走式喷灌机,喷头
平移自走式喷灌机,低压喷头
绞盘式喷灌机,喷灌机组
微喷头,径流
喷灌带,灌溉
滴灌带,灌溉
长流道滴头,滴头
长流道滴头,灌溉
长流道滴头,滴头
长流道滴头,流量
微孔毛管,土壤孔隙
土壤湿润比,雨量
井灌,碱化
井灌,水能
井渠结合,井灌
井渠结合,井灌
井渠结合,盐渍化
井渠结合,暴雨
井渠结合,灌溉水源
井灌井排,灌溉
井灌井排,灌溉
真空井,管井
真空井,水位
真空井,扬程
坎儿井,自流灌溉
土壤水库,水库
土壤水库,水能
土壤水库,水能
灌溉预报,水资源
作物水分生产函数,灌溉制度
量水槽,流量
量水喷嘴,水能
渠系水利用系数,毛渠
灌溉水利用系数,格田
排水工程,水泵
自流排水,容泄区
自流排水,平均水位
提水排水,容泄区
提水排水,平均水位
提水排水,水泵
农田排水,渍
农田排水,地下排水
农田排水,渍
农田排水,竖井排水
农田排水,自流排水
农田排水,土壤温度
除涝,涝灾
除涝,径流
除涝,截流沟
除涝,河流
除涝,排水闸
除涝,湖泊
除涝设计标准,涝灾
除涝设计标准,径流
除涝设计标准,涝灾
排涝模数,涝
排涝模数,涝
排涝模数,涝
排涝模数,涝
作物耐淹水深,涝
作物耐淹水深,流量
作物耐淹水深,涝
地下水适宜埋深,渍
地下水适宜埋深,灌溉用水量
地下排水模数,渍
地下排水模数,流量
除涝排水系统,排水闸
除涝排水系统,容泄区
除涝排水系统,涝
除涝排水系统,明沟排水
农沟,毛沟
容泄区,水能
容泄区,水位
截流沟,灌溉水源
截渗沟,地下径流
撇洪沟,山洪
等高截流,截流沟
等高截流,径流
等高截流,水库
等高截流,灌溉水源
等高截流,暴雨
沟洫,水害
沟洫畦田,旱情
沟洫台田,渍
沟洫台田,涝
暗沟排水,雨量
鼠道排水,渗漏
生物排水,返盐
减压井,反滤层
沉沙井,倒虹吸
竖井排水,降水
竖井排水,涝
竖井排水,灌溉水源
圩区,垸
圩区,圩
圩区,堤
圩区,水闸
灌排分开,涝
灌排分开,渍
灌排分开,碱化
灌排分开,灌溉
分级分片控制,涝
分级分片控制,涝
分级分片控制,涝
分级分片控制,涝
梯级控制,落差
梯级控制,落差
梯级控制,暴雨
梯级控制,涝
梯级控制,灌溉
蓄洪垦殖,安全泄量
围垦,防洪
盐碱地改良,次生盐渍化
盐碱地改良,灌排分开
盐碱地改良,土壤蒸发
盐碱地改良,蒸发
盐碱土,盐土
盐碱土,盐土
盐碱土,盐土
盐碱土,降水
盐土,脱盐
盐渍化,雨量
盐渍化,次生盐渍化
次生盐渍化,盐渍化
次生盐渍化,渠道防渗
水盐运动,次生盐渍化
土壤改良,梯田
洗盐,返盐
压盐,灌水定额
压盐,返盐
压盐,灌水定额
脱盐,盐碱土
抽咸补淡,咸水
抽咸补淡,容泄区
抽咸补淡,径流
抽咸补淡,矿化度
蓄淡养青,淡水
蓄淡养青,堤
蓄淡养青,咸水
蓄淡养青,堤
盖砂,返盐
盖砂,返盐
盖砂,蒸发
盖砂,返盐
覆盖,碱化
水土保持,水土流失
水土保持,梯田
水土保持,谷坊
水土保持,径流
水土保持,覆盖
水土保持,洪峰
面蚀,沟蚀
沟头防护,涝池
沟头防护,径流
水簸箕,洪水
人工沙障,风蚀
蓄水保土耕作,蒸发
涝池,径流
涝池,径流
淤地坝,洪峰
鱼鳞坑,地面径流
泵站,引水建筑物
泵站,水泵
泵站,水泵
泵站,水泵
泵站效率,水泵
机电排灌,水泵
圬工泵站,圬工泵
圬工泵站,轴流泵
圬工泵站,圬工泵
圬工泵站,涝
圬工泵站,灌溉
圬工泵站,涝
泵船,泵站
泵车,水车
泵车,水泵
泵车,泵站
泵站出水池,泵站
真空破坏阀,扬程
大型灌区,灌溉面积
特大型灌区,灌区
自流灌区,水位
自流灌区,水位
自流灌区,水位
提水灌区,灌溉
提水灌区,灌溉
提水灌区,灌区
提水灌区,水位
提水灌区,水位
提水灌区,提水灌溉
都江堰灌区,灌溉
泾惠渠灌区,水利工程
泾惠渠灌区,灌溉工程
泾惠渠灌区,水能
洛惠渠灌区,灌区
洛惠渠灌区,干渠
宝鸡峡引渭灌区,供水系统
宝鸡峡引渭灌区,水泵
内蒙河套灌区,干渠
苏北灌溉总渠,涝
苏北灌溉总渠,涝
淠史杭灌区,灌区
淠史杭灌区,灌区
安丰塘水库,水库
安丰塘水库,水闸
人民胜利渠,灌溉工程
人民胜利渠,涝
人民胜利渠,灌溉
尼罗河灌区,径流
尼罗河灌区,灌区
尼罗河灌区,灌溉
尼罗河灌区,多年调节
尼罗河灌区,灌溉面积
尼罗河灌区,次生盐渍化
尼罗河灌区,灌溉管理
印度河灌区,灌溉
印度河灌区,水能
灌溉农业,灌溉工程
灌溉农业,灌溉工程
灌溉农业,沟灌
城市水务,涝
水务一体化,涝
水务一体化,水资源
河道蓝线,堤
涉水工程,涝
最佳水力半径,水能
水域占补平衡,水域
水域占补平衡,水域
水域占补平衡,水域
退田还河,湖泊
城市水文模型,涝
防洪风险管理,洪水风险
分质供水,供水系统
分质供水,水资源
联网供水,水能
应急水源地,水安全
城市防洪,上游
城市防洪,防洪工程措施
城市内涝,水能
城市内涝,涝
城市防洪体系,蓄洪
城市治涝体系,涝
城市治涝体系,涝
城市治涝体系,涝
城市防洪标准,洪水
城市防洪标准,防洪标准
城市排水小系统,水泵
城市治涝大系统,涝
城市治涝大系统,径流
城市治涝大系统,涝
城市治涝大系统,暴雨径流
城市防洪圈,设计洪水
防洪墙,防洪
防洪墙,水位
防洪墙,防洪
排涝泵站,水泵
排涝泵站,涝
排涝泵站,涝
排涝泵站,水面率
排涝泵站,涝
地下贮留池,涝
地下贮留池,水资源
深隧,涝
深隧,涝
深隧,水资源
渗透池,下渗
渗透池,径流
渗透池,流量
雨水花园,径流量
植物浅沟,径流
植物浅沟,径流
植物浅沟,水污染物
下沉式广场,暴雨
下凹式绿地,径流
下凹式绿地,径流
透水铺面,径流
透水铺面,径流
渗透沟渠,径流
地表径流系数,涝
绿地下渗率,下渗曲线
绿地下渗率,霍顿下渗公式
下渗曲线,下渗率
洪峰模数,流量
洪峰模数,流量
洪水利用,洪水风险
洪水利用,防洪库容
洪水利用,洪水
短历时暴雨,降水
短历时暴雨,降水
城市设计暴雨雨型,雨量
地面集水时间,设计流量
凝结核,降水
循环用水,水系
循环用水,水资源
源头消减,径流
源头消减,径流
源头消减,流量
分流制排水系统,生活污水
落差,河床
水能,河床
水能利用,水能
水能利用,水轮机
水能利用,水轮机
水能利用,水轮机
水能利用,下游
水力发电,水能
水力发电站,多年调节水电站
水力发电站,年调节水电站
水力发电站,流量
水力发电站,坝式水电站
水力发电站,水库
水电站开发方式,流量
水电站开发方式,流量
坝式水电站,水库
坝式水电站,径流调节
坝式水电站,蓄水式水电站
坝式水电站,径流调节
坝式水电站,径流式水电站
河床式水电站,引水建筑物
引水式水电站,引水建筑物
引水式水电站,水库
引水式水电站,径流式水电站
引水式水电站,有压隧洞
混合式水电站,有压隧洞
混合式水电站,径流调节
混合式水电站,蓄水式水电站
径流式水电站,径流调节
径流式水电站,水库
径流式水电站,径流
蓄水式水电站,年调节
库容系数,年调节
库容系数,多年调节
库容系数,多年调节
日调节水电站,洪水
日调节水电站,枯水期
日调节水电站,径流
无调节水电站,径流调节
无调节水电站,水库
日电能累积曲线,日负荷图
峰荷,腰荷
年负荷图,静态年负荷图
火力发电站,基荷
火力发电站,基荷
潮汐电站,水位
潮汐电站,水库
海水温差发电,淡水
波浪能发电,水轮机
海流发电,河流
抽水蓄能电站,水能
抽水蓄能电站,峰荷
水电站流量,流量
水电站流量,流量
水电站流量,流量
水电站流量,流量
水电站流量,流量
水电站流量,流量
水电站流量,水能
水电站流量,流量
水电站流量,调节流量
水电站流量,流量
水电站弃水,下游
水电站弃水,下游
保证电能,枯水年
保证电能,水电站最大工作容量
装机容量年利用小时数,设备利用率
重复容量,季节性电能
水电站空闲容量,重复容量
旋转备用容量,备用容量
水库备用库容,兴利库容
水电站运行方式,峰荷
调频电站,备用容量
调频电站,水库
调峰电站,基荷
调峰容量平衡,旋转备用容量
水电站水库调度,水资源
水电站经济运行,水能资源
射流增差,水位
射流增差,落差
射流增差,水位
射流增差,落差
水电站群,水库
梯级水电站,水能资源
河流梯级开发,水利枢纽
河流梯级开发,径流
河流梯级开发,径流
脱水河段,引水式水电站
梯级水库联合调度,水位
跨流域补偿调节,流域
跨流域补偿调节,水库
跨流域补偿调节,流域
跨流域补偿调节,补偿调节
河床式厂房,落差
坝后式厂房,溢洪道
地下厂房,水系
地下厂房,下游
露天式厂房,起重机
露天式厂房,桥式起重机
发电机层,桥式起重机
水轮机层,水轮机
装配场,水轮机
水电站厂房机组段,永久缝
水电站尾水平台,变压器
母线道,母线
主变压器场,变压器
主变压器场,变压器
排冰道,水电站进水口
水电站输水建筑物,水轮机
水电站输水建筑物,水工建筑物
水电站输水建筑物,落差
水电站引水建筑物,水轮机
动力渠道,压力前池
动力渠道,水能
自动调节渠道,流量
非自动调节渠道,流量
非自动调节渠道,流量
动力渠道水力计算,水位
动力渠道水力计算,水位
动力渠道水力计算,水位
动力渠道设计流量,水能
动力渠道设计流量,水情
动力渠道设计流量,水能
动力渠道极限过水能力,水能
动力渠道极限过水能力,流量
动力渠道极限过水能力,流量
日调节池,峰荷
日调节池,压力前池
水电站进水口,水能
水电站进水口,流量
水电站进水口,拦污栅
进水口闸门,流量
进水口闸门,闸门
进水口闸门,事故闸门
进水口闸门,启闭机
进水口闸门,启闭机
闸门旁通管,流量
充水阀,闸门
进水口淹没深度,进水口闸门
进水口淹没深度,流速
引水隧洞,落差
压力管道,水锤
压力管道,动水压力
明钢管,伸缩节
水锤波,水锤
直接水锤,水锤
直接水锤,水锤波速
直接水锤,水锤波
直接水锤,水锤波速
间接水锤,水锤
间接水锤,水锤波速
第一相水锤,水锤波速
第一相水锤,流速
水锤计算图解法,流速
水锤计算图解法,水锤波速
水电站调压室,水锤波
水电站调压室,上游
水电站调压室,下游
简单式调压室,水锤波
水室式调压室,简单式调压室
差动式调压室,水位
差动式调压室,水位
调压室涌波,水位
调压室涌波,水位
调压室涌波,水位
调压室临界稳定断面,水系
反击式水轮机,下游
轴流式水轮机,轴流定桨式水轮机
轴流定桨式水轮机,流量
可逆式水轮机,水轮发电机
贯流式水轮机,蜗壳
灯泡贯流式水轮机,水库
灯泡贯流式水轮机,导水机构
尾水管,水轮机
水轮机空蚀,水轮机
比转速,水轮机
机械液压型调速器,永磁发电机
配压阀,接力器
配压阀,接力器
接力器,配压阀
接力器,导水机构
油压装置,接力器
调压阀,流量
水轮机进水阀,球阀
水轮机进水阀,水轮机
水电站排水系统,渗漏
水轮机真空破坏阀,真空破坏阀
励磁机,水轮发电机
变压器,电力网
自耦变压器,变压器
负荷开关,高压断路器
电压互感器,继电保护
电流互感器,继电保护
电力电缆,流量
水泵,涝
贯流泵,轴流泵
贯流泵,蜗壳
圬工泵,涝
潜水泵,水泵
水轮泵,流量
水锤泵,流量
螺旋泵,涝
允许吸上真空高度,水泵
闸阀,真空泵
水工建筑物级别,水工建筑物
水工建筑物级别,洪水
坝型选择,水利枢纽
初步设计,水库
初步设计,水位
技术设计,初步设计
挡水建筑物,水库
挡水建筑物,水工建筑物
水电站建筑物,流量
水电站建筑物,变压器
筏道,闸门
筏道,闸室
筏道,闸门
筏道,闸门
筏道,下游
鱼闸,闸门
鱼闸,闸门
升鱼机,上游
永久性水工建筑物,水工建筑物
永久性水工建筑物,水工建筑物
临时性水工建筑物,永久性水工建筑物
取水建筑物,水闸
地震作用,水工建筑物
水工建筑物抗震设计,地震作用
水工建筑物抗震设计,动力响应
水工建筑物抗震设计,排水设施
结构振动模型试验,动力响应
水工荷载组合,扬压力
稳定安全系数,水工建筑物
纯摩公式,挡水建筑物
剪摩公式,挡水建筑物
重力坝基本剖面,重力坝
排水设施,减压井
土石坝,心墙
堆石坝,振动碾
防渗体,心墙
防渗体,铺盖
心墙,水位
岸坡绕流,刺墙
坝基渗漏,河床
坝基渗漏,截水槽
防渗墙,渗漏
截水槽,斜墙
贴坡式排水,反滤层
贴坡式排水,水位
贴坡式排水,水位
棱体排水,反滤层
褥垫式排水,反滤层
褥垫式排水,排水设施
管式排水,反滤层
坝基排水,减压井
溢流土石坝,流量
溢流土石坝,流土
溢流土石坝,土坝
溢流土石坝,堆石坝
溢流土石坝,堆石坝
溢流土石坝,河床
溢流土石坝,流量
溢流土石坝,围堰
定向爆破筑坝,炸药
定向爆破筑坝,斜墙
沥青混凝土面板坝,防渗体
沥青混凝土面板坝,堆石坝
钢筋混凝土面板堆石坝,防渗体
面板脱空,垫层
周边缝,渗漏
垂直缝,止水
垂直缝,渗漏
L形挡墙,沉陷缝
L形挡墙,止水
土工膜防渗心墙坝,心墙
土工膜防渗斜墙坝,上游
土工膜防渗斜墙坝,垫层
土工膜库盘防渗,渗漏
土工织物反滤,反滤层
重力坝,扬压力
溢流重力坝,河床
浆砌块石坝,纵缝
浆砌块石坝,横缝
横缝,键槽
横缝,灌浆
键槽,稳定温度场
键槽,灌浆
坝基排水孔,扬压力
坝基排水孔,排水孔
坝基排水孔,排水孔
坝基排水孔,排水廊道
坝基排水孔,廊道
坝基排水孔,廊道
排水廊道,廊道
基础灌浆廊道,帷幕灌浆
基面排水,水系
基面排水,廊道
坝身排水管,廊道
坝身排水管,下游
坝基集水井,下游
坝基集水井,水泵
灌浆区,止浆片
灌浆区,灌浆压力
重力拱坝,拱坝
拱形重力坝,溢流前缘
单曲拱坝,拱坝
单曲拱坝,拱坝
拱坝体形,单曲拱坝
拱坝体形,双曲拱坝
空腹拱坝,扬压力
垫座,周边缝
水垫塘,二道坝
诱导缝,横缝
诱导缝,灌浆
诱导缝,周边缝
推力墩,重力墩
混凝土置换,防渗墙
混凝土置换,混凝土塞
碾压混凝土坝,横缝
碾压混凝土坝,横缝
变态混凝土防渗,碾压混凝土
碾压混凝土,碾压混凝土坝
大头坝,溢流面
平板坝,溢流平板坝
水闸,闸室
水闸,闸门
水闸,水位
水闸,流量
水闸,节制闸
水闸,排水闸
节制闸,水位
排水闸,渍
冲沙闸,渠首工程
分洪闸,分洪区
挡潮闸,河流
挡潮闸,水位
挡潮闸,淡水
涵洞式水闸,闸门
橡胶坝,水位
阻滑板,闸室
阻滑板,铺盖
门槽,闸门
门槽,闸门
闸墩,闸门
边墩,沉陷缝
闸孔跨距,闸门
边墩绕流,刺墙
检修闸门,闸门
事故闸门,闸门
平面闸门,启闭机
平面闸门,闸门
双扉平板闸门,上游
双扉平板闸门,水位
护镜门,闸门
圆筒闸门,闸门
圆筒闸门,事故闸门
双曲扁壳闸门,上游
舌瓣闸门,水位
旋转刚架闸门,水位
旋转刚架闸门,检修闸门
旋转刚架闸门,闸门
浮箱式闸门,闸门
自动翻倒闸门,闸门
自动翻倒闸门,闸门
叠梁门,闸门
叠梁门,闸门
启闭机,闸门
活动启闭机,闸门
固定启闭机,闸门
固定启闭机,闸门
油压式启闭机,闸门
油压式启闭机,闸门
泄水建筑物,水库
泄水建筑物,水工建筑物
泄水建筑物,泄洪
泄水建筑物,水库
设计流量,溢洪道
坝身泄水孔,水库
坝身泄水孔,泄洪
放空底孔,水库
通气孔,闸门
通气孔,设计流量
通气孔,封冻
厂房顶溢流,下游
厂房顶溢流,反弧段
扩散段,流量
扩散段,流速
扩散段,流量
折冲水流,下游
折冲水流,分水墙
下游消能,下游
下游消能,河床
消能工,河床
消能工,消力池
消能工,挑流鼻坎
底流式消能,消力池
面流式消能,下游
窄缝式挑流消能,水能
空中对撞消能,挑流鼻坎
空中对撞消能,雪
空中对撞消能,雪
尾槛,流速
护坦,河床
护坦,排水孔
护坦锚筋,护坦
护坦排水孔,护坦
护坦排水孔,排水孔
海漫,消力池
海漫,护底
防冲槽,护底
防冲槽,海漫
挑流鼻坎,下游
挑流鼻坎,水位
差动式鼻坎,通气孔
扩散角,流量
扩散角,折冲水流
挑射角,下游
平台扩散水跃消能,消力池
喷射扩散消能,河床
喷射扩散消能,水位
压力式扩散消能,动水压力
人工加糙,流速
泄水道首部,闸门
竖井式首部,渐变段
竖井式首部,渐变段
竖井式首部,弧形闸门
平压管,闸门
拦污栅,水电站进水口
溢洪道,水位
溢洪道,流量
溢洪道,开敞式河岸溢洪道
溢洪道,土石坝
侧槽式河岸溢洪道,泄水渠
侧槽式河岸溢洪道,下游
侧槽式河岸溢洪道,流量
侧槽式河岸溢洪道,溢洪道
竖井式溢洪道,下游
竖井式溢洪道,溢洪道
竖井式溢洪道,闸墩
竖井式溢洪道,闸墩
竖井式溢洪道,闸门
竖井式溢洪道,圆筒闸门
竖井式溢洪道,溢洪道
虹吸式溢洪道,流量
虹吸式溢洪道,水位
非常溢洪道,溢洪道
非常溢洪道,副坝
非常溢洪道,堤
非常溢洪道,洪水
非常溢洪道,副坝
滑雪式溢洪道,雪
溢洪道控制堰,溢洪道
溢洪道控制堰,水位
引水建筑物,水位
引水建筑物,水位
引水建筑物,泵房
无坝引水口,水位
无坝引水口,水闸
无坝引水口,冲沙闸
有坝引水口,水位
有坝引水口,引水建筑物
有坝引水口,下游
水工隧洞,无压隧洞
有压隧洞,水系
圆形隧洞,水能
圆形隧洞,内水压力
外水压力,衬砌
外水压力,水位
衬砌,水能
衬砌,无压隧洞
衬砌,有压隧洞
衬砌,无压隧洞
隧洞衬砌,衬砌
隧洞衬砌,有压隧洞
隧洞衬砌,水能
隧洞衬砌,衬砌
隧洞衬砌,衬砌
隧洞衬砌,内水压力
预应力衬砌,混凝土泵
预应力衬砌,回填灌浆
预应力衬砌,回填灌浆
上埋式管道,截流环
上埋式管道,止水
渠首工程,水位
沉沙槽式渠首,冲沙闸
沉沙槽式渠首,分水墙
引水渠式渠首,进水闸
人工弯道式渠首,河流
两岸引水式渠首,渡槽
底拦栅式渠首,廊道
底拦栅式渠首,廊道
底拦栅式渠首,廊道
冲沙廊道,下游
冲沙廊道,水闸
冲沙廊道,下游
冲沙廊道,闸门
拦沙坝,灌溉渠道
落差建筑物,落差
落差建筑物,水工建筑物
落差建筑物,泄洪
落差建筑物,跌水
涵洞,无压式涵洞
无压式涵洞,涵洞
无压式涵洞,流量
拱形涵洞,水利工程
梁式渡槽,渡槽
拱式渡槽,渡槽
抛石护坡,垫层
砌石护坡,护坡
砌石护坡,垫层
杩槎,堤
水工建筑物除险加固,灌浆
水工建筑物除险加固,防渗墙
大坝加高,库容
水工建筑物安全监控,洪水
渗流监测,量水堰
渗流量监测,流量
量水堰,流量
量水堰,下游
引张线法,倒锤
佛子岭连拱坝,连拱坝
官厅水库,溢洪道
新安江水电站,厂房顶溢流
乌江渡水电站,流域面积
乌江渡水电站,溢洪道
碧口水电站,溢洪道
丹江口水利枢纽,宽缝重力坝
丹江口水利枢纽,土石坝
葛洲坝水利枢纽,水闸
葛洲坝水利枢纽,水闸
三峡水利枢纽,葛洲坝水利枢纽
三峡水利枢纽,水位
三峡水利枢纽,洪水
三峡水利枢纽,截流
锦屏拱坝,双曲拱坝
小浪底水利枢纽,下游
水布垭混凝土面板堆石坝,防洪
水布垭混凝土面板堆石坝,马道
向家坝水利枢纽,流域面积
旁多水利枢纽,防洪
旁多水利枢纽,混凝土防渗墙
隔河岩水利枢纽,重力拱坝
隔河岩水利枢纽,拱坝
隔河岩水利枢纽,重力坝
糯扎渡心墙堆石坝,反滤层
龙滩碾压混凝土重力坝,水系
龙滩碾压混凝土重力坝,截流
天荒坪抽水蓄能电站,水库
天荒坪抽水蓄能电站,水库
天荒坪抽水蓄能电站,钢筋混凝土面板堆石坝
天荒坪抽水蓄能电站,水位
天荒坪抽水蓄能电站,水位
天荒坪抽水蓄能电站,抽水蓄能电站
沙牌碾压混凝土拱坝,拱坝
沙牌碾压混凝土拱坝,碾压混凝土坝
淮安枢纽,涝
曹娥江大闸,涝
南水北调工程,流域
南水北调工程,水位
南水北调工程,水能
南水北调工程,水能
南水北调工程,水能
南水北调工程,水位
南水北调工程,上游
南水北调工程,水资源
招标,投标
预算定额,施工进度计划
预算定额,施工进度计划
设备管理,设备利用率
缆索起重机,起重机
土石方压实机械,平碾
振动碾,平碾
振动碾,羊足碾
振动碾,气胎碾
土石方调配,施工组织设计
难方开挖,井点排水
堆石薄层碾压法,堆石坝
堆石薄层碾压法,平碾
堆石薄层碾压法,振动碾
堆石薄层碾压法,土石坝
堆石薄层碾压法,堆石坝
后退法,土坝
土砂松坡接触平起法,防渗体
斜坡碾压,垫层
爆破机理,自由面
爆破漏斗,抛掷爆破
炸药威力,爆破
导火索,雷管
导爆索,炸药
导爆管,炸药
电力起爆,雷管
导爆索起爆,雷管
导爆索起爆,爆破
导爆索起爆,雷管
导爆索起爆,雷管
导爆索起爆,导爆索
导爆索起爆,炸药
深孔爆破法,爆破
硐室爆破法,爆破
硐室爆破法,爆破
裸露爆破法,爆破
预裂爆破,爆破
缓冲孔爆破,崩落孔
缓冲孔爆破,崩落孔
水下爆破,爆破
静态爆破,炸药
静态爆破,爆破
滑升模板,施工缝
混凝土拌和机,塑性混凝土
仓面喷雾机,混凝土养护
混凝土真空吸水养护,混凝土养护
混凝土低温季节施工,成熟度
混凝土水下浇筑法,混凝土浇筑
混凝土温度控制,混凝土温度裂缝
混凝土温度控制,拱坝
混凝土温度控制,横缝
施工缝,键槽
骨料预冷,蒸发
分缝分块浇筑法,凿毛
通仓浇筑法,纵缝
通仓浇筑法,纵缝
VC值,碾压混凝土
VC值,干贫混凝土
钻孔机具,凿岩机
钻孔机具,爆破
顶管法,千斤顶
全断面开挖法,自由面
台阶开挖法,衬砌
导洞开挖法,自由面
掏槽孔,自由面
隧洞坍方,灌浆
隧洞坍方,光面爆破
喷射混凝土衬砌,全断面开挖法
钻劈法,槽孔
钻抓法,槽孔
挖槽机,槽孔
冲击式钻机,水工建筑物
冲击式挖槽机,槽孔
泥浆固壁,稳定液
自凝灰浆,槽孔
固结灌浆,灌浆
帷幕灌浆,扬压力
帷幕灌浆,灌浆
砂砾地基灌浆,渗漏
接触灌浆,循环灌浆法
接触灌浆,灌浆
接触灌浆,灌浆
回填灌浆,灌浆
纵缝灌浆,灌浆
全孔一次灌浆法,灌浆
全孔分段灌浆法,灌浆
全孔分段灌浆法,灌浆
全孔分段灌浆法,灌浆压力
全孔分段灌浆法,灌浆
打管灌浆法,灌浆
套管灌浆法,灌浆
套管灌浆法,灌浆
GIN灌浆法,灌浆压力
孔口封闭灌浆法,灌浆
孔口封闭灌浆法,灌浆压力
灌浆压力,灌浆
预埋花管法,灌浆
预埋花管法,灌浆
预埋花管法,灌浆
射水法沉桩,打桩锤
水下施工,围堰
挖泥船,吸扬式挖泥船
挖泥船,链斗式挖泥船
挖泥船,抓斗式挖泥船
挖泥船,铲斗式挖泥船
吸扬式挖泥船,绞吸式挖泥船
铲斗式挖泥船,围堰
链斗式挖泥船,采砂船
吹填,堤
吹填土,堤
泥场,堤
基床抛石,抛石
抛石船,堤
基床平整,设计标准
沉箱法施工,河床
排桩,降水
垂直铺塑法,泥浆固壁
导流方式,河床
明渠导流,水能
明渠导流,河流
隧洞导流,水库
涵管导流,泄水建筑物
渡槽导流,水能
渡槽导流,水利工程
施工拦洪水位,洪水
截流,导流方案
截流,石笼
截流设计流量,流量
截流设计流量,设计流量
平堵,险情
立堵,戗堤
立堵,平堵
立堵,抛投物料
截流戗堤,河流
截流戗堤,护底
单戗堤截流,围堰
单戗堤截流,截流
多戗堤截流,跌水
宽戗堤截流,截流
宽戗堤截流,流速
宽戗堤截流,抛投物料
龙口落差,截流
管井排水,水泵
环境水利,水利
环境水利,水体污染
环境水利,水质监测
水体污染,溶解氧
水体污染,河流复氧
非点源污染,雪
非点源污染,河流
水污染物,溶解氧
总有机碳,溶解氧
氨氮,富营养化
总磷,富营养化
水质监测站网,干流
采样点,水系
采样,流量
水质调查,水利工程
水质调查,水体污染
水质调查,水体污染
水质调查,环境影响评价
湖泊内源污染,湖泊
湖泊外源污染,湖泊
浅水湖泊,湖泊
浅水湖泊,富营养化
深水湖泊,湖泊
河流复氧,溶解氧
河流复氧,河流
复氧系数,溶解氧
耗氧系数,溶解氧
富营养化,工业废水
富营养化,水华
水库分层,水质指标
水质评价,水资源
受损水体,水库
湿地环境效应,水能
水污染物排放标准,水环境质量标准
排污削减量,水体污染
环境规划,排污削减量
饮用水水源保护区,水域
非点源污染物控制,径流量
污染物总量控制,水资源
水污染综合防治,水体污染
水污染综合防治,用水定额
水污染综合防治,重复利用率
水污染综合防治,灌溉
引江济太,河网
引江济太,水位
水利信息,水灾害信息
水利信息,水利工程信息
智慧流域,干旱
数据库,水利信息
水文化,文化
物质形态水文化,水文化
哈尼梯田,干渠
哈尼梯田,灌溉
汲水工具,水文化
水力工具,绿色能源
镇水工具,洪水
水景观文化,精神形态水文化
滨水景观,水域
水利风景区,水利
水利风景区,水文化
白鹤梁,水位
白鹤梁,涪陵石鱼
嘉应观,龙王庙
都江堰放水节,杩槎
都江堰放水节,文化
行为形态水文化,水文化
治水社会,水利工程
治水社会,水利社会
围水造田,退田还湖
节水文化,水文化
节水文化,水文化
节水文化,水文化
节水型社会,水资源承载能力
全国城市节水宣传周,水资源
《孟子》说水,水利史
《管子》说水,水资源管理
98抗洪精神,洪水
98抗洪精神,洪水
98抗洪精神,洪水
地域水文化,文化
河流文化,文化
河流文化,河流
